Site,Core_ID,Treatment,SampleID,Headspace_height_cm,sequence_valve,Picarro_method,Start_Date_Time,Stop_Date_Time,Time_Zone,Time_elapsed_h,PHASE,Notes,Who
DWP,6,sat_I,D6,0,3,Saturation_I_3soils_20170515_dwp.seq,6/15/2017 16:28,6/16/2017 8:14,America/Los_Angeles,15.76666667,SATURATION_IMMEDIATE,NA,TRC
DWP,7,sat_I,D7,0,5,Saturation_I_3soils_20170515_dwp.seq,6/15/2017 16:28,6/16/2017 8:14,America/Los_Angeles,15.76666667,SATURATION_IMMEDIATE,NA,TRC
DWP,8,sat_I,D8,0.5,7,Saturation_I_3soils_20170515_dwp.seq,6/15/2017 16:28,6/16/2017 8:14,America/Los_Angeles,15.76666667,SATURATION_IMMEDIATE,NA,TRC
DWP,9,sat_I,D9,2.5,8,Saturation_I_3soils_20170515_dwp.seq,6/15/2017 16:28,6/16/2017 8:14,America/Los_Angeles,15.76666667,SATURATION_IMMEDIATE,NA,TRC
DWP,10,sat_I,D10,0,15,Saturation_I_3soils_20170515_dwp.seq,6/15/2017 16:28,6/16/2017 8:14,America/Los_Angeles,15.76666667,SATURATION_IMMEDIATE,NA,TRC
DWP,21,drought,D21,0,3,Drought_20170616_dwp.seq,6/16/2017 17:28,6/17/2017 9:20,America/Los_Angeles,15.86666667,DROUGHT_PRE_INCUBATION,NA,TRC
DWP,22,drought,D22,0,5,Drought_20170616_dwp.seq,6/16/2017 17:28,6/17/2017 9:20,America/Los_Angeles,15.86666667,DROUGHT_PRE_INCUBATION,NA,TRC
DWP,23,drought,D23,0,7,Drought_20170616_dwp.seq,6/16/2017 17:28,6/17/2017 9:20,America/Los_Angeles,15.86666667,DROUGHT_PRE_INCUBATION,NA,TRC
DWP,24,drought,D24,0,8,Drought_20170616_dwp.seq,6/16/2017 17:28,6/17/2017 9:20,America/Los_Angeles,15.86666667,DROUGHT_PRE_INCUBATION,NA,TRC
DWP,25,drought,D25,0,15,Drought_20170616_dwp.seq,6/16/2017 17:28,6/17/2017 9:20,America/Los_Angeles,15.86666667,DROUGHT_PRE_INCUBATION,NA,TRC
DWP,21,drought,D21,0,3,Drought_20170616_dwp.seq,6/19/2017 18:08,6/20/2017 14:14,America/Los_Angeles,20.1,DROUGHT_PRE_INCUBATION,NA,TRC
DWP,22,drought,D22,0,5,Drought_20170616_dwp.seq,6/19/2017 18:08,6/20/2017 14:14,America/Los_Angeles,20.1,DROUGHT_PRE_INCUBATION,NA,TRC
DWP,23,drought,D23,0,7,Drought_20170616_dwp.seq,6/19/2017 18:08,6/20/2017 14:14,America/Los_Angeles,20.1,DROUGHT_PRE_INCUBATION,NA,TRC
DWP,24,drought,D24,0,8,Drought_20170616_dwp.seq,6/19/2017 18:08,6/20/2017 14:14,America/Los_Angeles,20.1,DROUGHT_PRE_INCUBATION,NA,TRC
DWP,25,drought,D25,0,15,Drought_20170616_dwp.seq,6/19/2017 18:08,6/20/2017 14:14,America/Los_Angeles,20.1,DROUGHT_PRE_INCUBATION,NA,TRC
DWP,21,drought,D21,0,3,Drought_20170616_dwp.seq,6/21/2017 17:05,6/22/2017 16:41,America/Los_Angeles,23.6,DROUGHT_PRE_INCUBATION,NA,TRC
DWP,22,drought,D22,0,5,Drought_20170616_dwp.seq,6/21/2017 17:05,6/22/2017 16:41,America/Los_Angeles,23.6,DROUGHT_PRE_INCUBATION,NA,TRC
DWP,23,drought,D23,0,7,Drought_20170616_dwp.seq,6/21/2017 17:05,6/22/2017 16:41,America/Los_Angeles,23.6,DROUGHT_PRE_INCUBATION,NA,TRC
DWP,24,drought,D24,0,8,Drought_20170616_dwp.seq,6/21/2017 17:05,6/22/2017 16:41,America/Los_Angeles,23.6,DROUGHT_PRE_INCUBATION,NA,TRC
DWP,25,drought,D25,0,15,Drought_20170616_dwp.seq,6/21/2017 17:05,6/22/2017 16:41,America/Los_Angeles,23.6,DROUGHT_PRE_INCUBATION,NA,TRC
DWP,21,drought,D21,0,3,Drought_20170616_dwp.seq,6/26/2017 10:01,6/27/2017 9:55,America/Los_Angeles,23.9,DROUGHT_PRE_INCUBATION,NA,TRC
DWP,22,drought,D22,0,5,Drought_20170616_dwp.seq,6/26/2017 10:01,6/27/2017 9:55,America/Los_Angeles,23.9,DROUGHT_PRE_INCUBATION,NA,TRC
DWP,23,drought,D23,0,7,Drought_20170616_dwp.seq,6/26/2017 10:01,6/27/2017 9:55,America/Los_Angeles,23.9,DROUGHT_PRE_INCUBATION,NA,TRC
DWP,24,drought,D24,0,8,Drought_20170616_dwp.seq,6/26/2017 10:01,6/27/2017 9:55,America/Los_Angeles,23.9,DROUGHT_PRE_INCUBATION,NA,TRC
DWP,25,drought,D25,0,15,Drought_20170616_dwp.seq,6/26/2017 10:01,6/27/2017 9:55,America/Los_Angeles,23.9,DROUGHT_PRE_INCUBATION,NA,TRC
DWP,21,drought,D21,0,3,Drought_20170616_dwp.seq,6/28/2017 15:30,6/29/2017 8:21,America/Los_Angeles,16.85,DROUGHT_PRE_INCUBATION,NA,TRC
DWP,22,drought,D22,0,5,Drought_20170616_dwp.seq,6/28/2017 15:30,6/29/2017 8:21,America/Los_Angeles,16.85,DROUGHT_PRE_INCUBATION,NA,TRC
DWP,23,drought,D23,0,7,Drought_20170616_dwp.seq,6/28/2017 15:30,6/29/2017 8:21,America/Los_Angeles,16.85,DROUGHT_PRE_INCUBATION,NA,TRC
DWP,24,drought,D24,0,8,Drought_20170616_dwp.seq,6/28/2017 15:30,6/29/2017 8:21,America/Los_Angeles,16.85,DROUGHT_PRE_INCUBATION,NA,TRC
DWP,25,drought,D25,0,15,Drought_20170616_dwp.seq,6/28/2017 15:30,6/29/2017 8:21,America/Los_Angeles,16.85,DROUGHT_PRE_INCUBATION,NA,TRC
DWP,21,drought,D21,0,3,Drought_20170616_dwp.seq,6/30/2017 13:39,7/1/2017 13:37,America/Los_Angeles,23.96666667,DROUGHT_PRE_INCUBATION,NA,TRC
DWP,22,drought,D22,0,5,Drought_20170616_dwp.seq,6/30/2017 13:39,7/1/2017 13:37,America/Los_Angeles,23.96666667,DROUGHT_PRE_INCUBATION,NA,TRC
DWP,23,drought,D23,0,7,Drought_20170616_dwp.seq,6/30/2017 13:39,7/1/2017 13:37,America/Los_Angeles,23.96666667,DROUGHT_PRE_INCUBATION,NA,TRC
DWP,24,drought,D24,0,8,Drought_20170616_dwp.seq,6/30/2017 13:39,7/1/2017 13:37,America/Los_Angeles,23.96666667,DROUGHT_PRE_INCUBATION,NA,TRC
DWP,25,drought,D25,0,15,Drought_20170616_dwp.seq,6/30/2017 13:39,7/1/2017 13:37,America/Los_Angeles,23.96666667,DROUGHT_PRE_INCUBATION,NA,TRC
DWP,21,drought,D21,0,3,Drought_20170616_dwp.seq,7/5/2017 11:44,7/6/2017 8:19,America/Los_Angeles,20.58333333,DROUGHT_PRE_INCUBATION,NA,TRC
DWP,22,drought,D22,0,5,Drought_20170616_dwp.seq,7/5/2017 11:44,7/6/2017 8:19,America/Los_Angeles,20.58333333,DROUGHT_PRE_INCUBATION,NA,TRC
DWP,23,drought,D23,0,7,Drought_20170616_dwp.seq,7/5/2017 11:44,7/6/2017 8:19,America/Los_Angeles,20.58333333,DROUGHT_PRE_INCUBATION,NA,TRC
DWP,24,drought,D24,0,8,Drought_20170616_dwp.seq,7/5/2017 11:44,7/6/2017 8:19,America/Los_Angeles,20.58333333,DROUGHT_PRE_INCUBATION,NA,TRC
DWP,25,drought,D25,0,15,Drought_20170616_dwp.seq,7/5/2017 11:44,7/6/2017 8:19,America/Los_Angeles,20.58333333,DROUGHT_PRE_INCUBATION,NA,TRC
DWP,21,drought,D21,0,3,Drought_20170616_dwp.seq,7/10/2017 10:12,7/10/2017 15:13,America/Los_Angeles,5.016666667,DROUGHT_PRE_INCUBATION,NA,TRC
DWP,22,drought,D22,0,5,Drought_20170616_dwp.seq,7/10/2017 10:12,7/10/2017 15:13,America/Los_Angeles,5.016666667,DROUGHT_PRE_INCUBATION,NA,TRC
DWP,23,drought,D23,0,7,Drought_20170616_dwp.seq,7/10/2017 10:12,7/10/2017 15:13,America/Los_Angeles,5.016666667,DROUGHT_PRE_INCUBATION,NA,TRC
DWP,24,drought,D24,0,8,Drought_20170616_dwp.seq,7/10/2017 10:12,7/10/2017 15:13,America/Los_Angeles,5.016666667,DROUGHT_PRE_INCUBATION,NA,TRC
DWP,25,drought,D25,0,15,Drought_20170616_dwp.seq,7/10/2017 10:12,7/10/2017 15:13,America/Los_Angeles,5.016666667,DROUGHT_PRE_INCUBATION,NA,TRC
DWP,21,drought,D21,0,3,Drought_20170616_dwp.seq,7/12/2017 17:00,7/13/2017 8:45,America/Los_Angeles,15.75,DROUGHT_PRE_INCUBATION,NA,TRC
DWP,22,drought,D22,0,5,Drought_20170616_dwp.seq,7/12/2017 17:00,7/13/2017 8:45,America/Los_Angeles,15.75,DROUGHT_PRE_INCUBATION,NA,TRC
DWP,23,drought,D23,0,7,Drought_20170616_dwp.seq,7/12/2017 17:00,7/13/2017 8:45,America/Los_Angeles,15.75,DROUGHT_PRE_INCUBATION,NA,TRC
DWP,24,drought,D24,0,8,Drought_20170616_dwp.seq,7/12/2017 17:00,7/13/2017 8:45,America/Los_Angeles,15.75,DROUGHT_PRE_INCUBATION,NA,TRC
DWP,25,drought,D25,0,15,Drought_20170616_dwp.seq,7/12/2017 17:00,7/13/2017 8:45,America/Los_Angeles,15.75,DROUGHT_PRE_INCUBATION,NA,TRC
DWP,21,drought,D21,0,3,Drought_20170616_dwp.seq,7/17/2017 10:00,7/17/2017 18:00,America/Los_Angeles,8,DROUGHT_PRE_INCUBATION,NA,APS
DWP,22,drought,D22,0,5,Drought_20170616_dwp.seq,7/17/2017 10:00,7/17/2017 18:00,America/Los_Angeles,8,DROUGHT_PRE_INCUBATION,NA,APS
DWP,23,drought,D23,0,7,Drought_20170616_dwp.seq,7/17/2017 10:00,7/17/2017 18:00,America/Los_Angeles,8,DROUGHT_PRE_INCUBATION,NA,APS
DWP,24,drought,D24,0,8,Drought_20170616_dwp.seq,7/17/2017 10:00,7/17/2017 18:00,America/Los_Angeles,8,DROUGHT_PRE_INCUBATION,NA,APS
DWP,25,drought,D25,0,15,Drought_20170616_dwp.seq,7/17/2017 10:00,7/17/2017 18:00,America/Los_Angeles,8,DROUGHT_PRE_INCUBATION,NA,APS
DWP,21,drought,D21,0,3,Drought_20170616_dwp.seq,7/20/2017 12:00,7/20/2017 18:00,America/Los_Angeles,6,DROUGHT_PRE_INCUBATION,NA,APS
DWP,22,drought,D22,0,5,Drought_20170616_dwp.seq,7/20/2017 12:00,7/20/2017 18:00,America/Los_Angeles,6,DROUGHT_PRE_INCUBATION,NA,APS
DWP,23,drought,D23,0,7,Drought_20170616_dwp.seq,7/20/2017 12:00,7/20/2017 18:00,America/Los_Angeles,6,DROUGHT_PRE_INCUBATION,NA,APS
DWP,24,drought,D24,0,8,Drought_20170616_dwp.seq,7/20/2017 12:00,7/20/2017 18:00,America/Los_Angeles,6,DROUGHT_PRE_INCUBATION,NA,APS
DWP,25,drought,D25,0,15,Drought_20170616_dwp.seq,7/20/2017 12:00,7/20/2017 18:00,America/Los_Angeles,6,DROUGHT_PRE_INCUBATION,NA,APS
DWP,21,drought,D21,0,3,Drought_20170616_dwp.seq,7/22/2017 14:00,7/22/2017 22:00,America/Los_Angeles,8,DROUGHT_PRE_INCUBATION,NA,APS
DWP,22,drought,D22,0,5,Drought_20170616_dwp.seq,7/22/2017 14:00,7/22/2017 22:00,America/Los_Angeles,8,DROUGHT_PRE_INCUBATION,NA,APS
DWP,23,drought,D23,0,7,Drought_20170616_dwp.seq,7/22/2017 14:00,7/22/2017 22:00,America/Los_Angeles,8,DROUGHT_PRE_INCUBATION,NA,APS
DWP,24,drought,D24,0,8,Drought_20170616_dwp.seq,7/22/2017 14:00,7/22/2017 22:00,America/Los_Angeles,8,DROUGHT_PRE_INCUBATION,NA,APS
DWP,25,drought,D25,0,15,Drought_20170616_dwp.seq,7/22/2017 14:00,7/22/2017 22:00,America/Los_Angeles,8,DROUGHT_PRE_INCUBATION,NA,APS
DWP,21,drought,D21,0,3,Drought_20170724_dwp.seq,7/25/2017 9:40,7/25/2017 17:00,America/Los_Angeles,7.333333333,DROUGHT_INCUBATION,NA,APS
DWP,22,drought,D22,0,5,Drought_20170724_dwp.seq,7/25/2017 9:40,7/25/2017 17:00,America/Los_Angeles,7.333333333,DROUGHT_INCUBATION,NA,APS
DWP,23,drought,D23,0,1,Drought_20170724_dwp.seq,7/25/2017 9:40,7/25/2017 17:00,America/Los_Angeles,7.333333333,DROUGHT_INCUBATION,NA,APS
DWP,24,drought,D24,0,8,Drought_20170724_dwp.seq,7/25/2017 9:40,7/25/2017 17:00,America/Los_Angeles,7.333333333,DROUGHT_INCUBATION,NA,APS
DWP,25,drought,D25,0,15,Drought_20170724_dwp.seq,7/25/2017 9:40,7/25/2017 17:00,America/Los_Angeles,7.333333333,DROUGHT_INCUBATION,NA,APS
DWP,21,drought,D21,0,3,Drought_20170724_dwp.seq,7/28/2017 14:00,7/29/2017 8:00,America/Los_Angeles,18,DROUGHT_INCUBATION,NA,APS
DWP,22,drought,D22,0,5,Drought_20170724_dwp.seq,7/28/2017 14:00,7/29/2017 8:00,America/Los_Angeles,18,DROUGHT_INCUBATION,NA,APS
DWP,23,drought,D23,0,1,Drought_20170724_dwp.seq,7/28/2017 14:00,7/29/2017 8:00,America/Los_Angeles,18,DROUGHT_INCUBATION,NA,APS
DWP,24,drought,D24,0,8,Drought_20170724_dwp.seq,7/28/2017 14:00,7/29/2017 8:00,America/Los_Angeles,18,DROUGHT_INCUBATION,NA,APS
DWP,25,drought,D25,0,15,Drought_20170724_dwp.seq,7/28/2017 14:00,7/29/2017 8:00,America/Los_Angeles,18,DROUGHT_INCUBATION,NA,APS
DWP,21,drought,D21,0,3,Drought_20170724_dwp.seq,8/1/2017 10:00,8/1/2017 18:00,America/Los_Angeles,8,DROUGHT_INCUBATION,NA,APS
DWP,22,drought,D22,0,5,Drought_20170724_dwp.seq,8/1/2017 10:00,8/1/2017 18:00,America/Los_Angeles,8,DROUGHT_INCUBATION,NA,APS
DWP,23,drought,D23,0,1,Drought_20170724_dwp.seq,8/1/2017 10:00,8/1/2017 18:00,America/Los_Angeles,8,DROUGHT_INCUBATION,NA,APS
DWP,24,drought,D24,0,8,Drought_20170724_dwp.seq,8/1/2017 10:00,8/1/2017 18:00,America/Los_Angeles,8,DROUGHT_INCUBATION,NA,APS
DWP,25,drought,D25,0,15,Drought_20170724_dwp.seq,8/1/2017 10:00,8/1/2017 18:00,America/Los_Angeles,8,DROUGHT_INCUBATION,NA,APS
DWP,21,drought,D21,0,3,Drought_20170724_dwp.seq,8/4/2017 10:00,8/4/2017 15:00,America/Los_Angeles,5,DROUGHT_INCUBATION,NA,APS
DWP,22,drought,D22,0,5,Drought_20170724_dwp.seq,8/4/2017 10:00,8/4/2017 15:00,America/Los_Angeles,5,DROUGHT_INCUBATION,NA,APS
DWP,23,drought,D23,0,1,Drought_20170724_dwp.seq,8/4/2017 10:00,8/4/2017 15:00,America/Los_Angeles,5,DROUGHT_INCUBATION,NA,APS
DWP,24,drought,D24,0,8,Drought_20170724_dwp.seq,8/4/2017 10:00,8/4/2017 15:00,America/Los_Angeles,5,DROUGHT_INCUBATION,NA,APS
DWP,25,drought,D25,0,15,Drought_20170724_dwp.seq,8/4/2017 10:00,8/4/2017 15:00,America/Los_Angeles,5,DROUGHT_INCUBATION,NA,APS
DWP,21,drought,D21,0,3,Drought_20170724_dwp.seq,8/8/2017 14:50,8/9/2017 10:13,America/Los_Angeles,19.38333333,DROUGHT_INCUBATION,NA,APS
DWP,22,drought,D22,0,5,Drought_20170724_dwp.seq,8/8/2017 14:50,8/9/2017 10:13,America/Los_Angeles,19.38333333,DROUGHT_INCUBATION,NA,APS
DWP,23,drought,D23,0,1,Drought_20170724_dwp.seq,8/8/2017 14:50,8/9/2017 10:13,America/Los_Angeles,19.38333333,DROUGHT_INCUBATION,NA,APS
DWP,24,drought,D24,0,8,Drought_20170724_dwp.seq,8/8/2017 14:50,8/9/2017 10:13,America/Los_Angeles,19.38333333,DROUGHT_INCUBATION,NA,APS
DWP,25,drought,D25,0,15,Drought_20170724_dwp.seq,8/8/2017 14:50,8/9/2017 10:13,America/Los_Angeles,19.38333333,DROUGHT_INCUBATION,NA,APS
DWP,21,drought,D21,0,3,Drought_20170724_dwp.seq,8/10/2017 8:31,8/11/2017 23:59,America/Los_Angeles,39.46666667,DROUGHT_INCUBATION,NA,APS
DWP,22,drought,D22,0,5,Drought_20170724_dwp.seq,8/10/2017 8:31,8/11/2017 23:59,America/Los_Angeles,39.46666667,DROUGHT_INCUBATION,NA,APS
DWP,23,drought,D23,0,1,Drought_20170724_dwp.seq,8/10/2017 8:31,8/11/2017 23:59,America/Los_Angeles,39.46666667,DROUGHT_INCUBATION,NA,APS
DWP,24,drought,D24,0,8,Drought_20170724_dwp.seq,8/10/2017 8:31,8/11/2017 23:59,America/Los_Angeles,39.46666667,DROUGHT_INCUBATION,NA,APS
DWP,25,drought,D25,0,15,Drought_20170724_dwp.seq,8/10/2017 8:31,8/11/2017 23:59,America/Los_Angeles,39.46666667,DROUGHT_INCUBATION,NA,APS
DWP,21,drought,D21,0,3,Drought_20170724_dwp.seq,8/13/2017 12:53,8/13/2017 17:30,America/Los_Angeles,4.616666667,DROUGHT_INCUBATION,NA,APS
DWP,22,drought,D22,0,5,Drought_20170724_dwp.seq,8/13/2017 12:53,8/13/2017 17:30,America/Los_Angeles,4.616666667,DROUGHT_INCUBATION,NA,APS
DWP,23,drought,D23,0,1,Drought_20170724_dwp.seq,8/13/2017 12:53,8/13/2017 17:30,America/Los_Angeles,4.616666667,DROUGHT_INCUBATION,NA,APS
DWP,24,drought,D24,0,8,Drought_20170724_dwp.seq,8/13/2017 12:53,8/13/2017 17:30,America/Los_Angeles,4.616666667,DROUGHT_INCUBATION,NA,APS
DWP,25,drought,D25,0,15,Drought_20170724_dwp.seq,8/13/2017 12:53,8/13/2017 17:30,America/Los_Angeles,4.616666667,DROUGHT_INCUBATION,NA,APS
DWP,21,drought,D21,0,3,Drought_20170724_dwp.seq,8/16/2017 15:00,8/16/2017 23:59,America/Los_Angeles,8.983333333,DROUGHT_INCUBATION,NA,APS
DWP,22,drought,D22,0,5,Drought_20170724_dwp.seq,8/16/2017 15:00,8/16/2017 23:59,America/Los_Angeles,8.983333333,DROUGHT_INCUBATION,NA,APS
DWP,23,drought,D23,0,1,Drought_20170724_dwp.seq,8/16/2017 15:00,8/16/2017 23:59,America/Los_Angeles,8.983333333,DROUGHT_INCUBATION,NA,APS
DWP,24,drought,D24,0,8,Drought_20170724_dwp.seq,8/16/2017 15:00,8/16/2017 23:59,America/Los_Angeles,8.983333333,DROUGHT_INCUBATION,NA,APS
DWP,21,drought,D21,0,3,Drought_20170724_dwp.seq,8/18/2017 12:15,8/18/2017 20:00,America/Los_Angeles,7.75,DROUGHT_INCUBATION,NA,APS
DWP,22,drought,D22,0,5,Drought_20170724_dwp.seq,8/18/2017 12:15,8/18/2017 20:00,America/Los_Angeles,7.75,DROUGHT_INCUBATION,NA,APS
DWP,23,drought,D23,0,1,Drought_20170724_dwp.seq,8/18/2017 12:15,8/18/2017 20:00,America/Los_Angeles,7.75,DROUGHT_INCUBATION,NA,APS
DWP,24,drought,D24,0,8,Drought_20170724_dwp.seq,8/18/2017 12:15,8/18/2017 20:00,America/Los_Angeles,7.75,DROUGHT_INCUBATION,NA,APS
DWP,25,drought,D25,0,15,Drought_20170724_dwp.seq,8/18/2017 12:15,8/18/2017 20:00,America/Los_Angeles,7.75,DROUGHT_INCUBATION,NA,APS
DWP,21,drought,D21,0,3,Drought_20170724_dwp.seq,8/23/2017 10:00,8/23/2017 17:00,America/Los_Angeles,7,DROUGHT_SATURATION,NA,APS
DWP,22,drought,D22,0,5,Drought_20170724_dwp.seq,8/23/2017 10:00,8/23/2017 17:00,America/Los_Angeles,7,DROUGHT_SATURATION,NA,APS
DWP,23,drought,D23,0,1,Drought_20170724_dwp.seq,8/23/2017 10:00,8/23/2017 17:00,America/Los_Angeles,7,DROUGHT_SATURATION,NA,APS
DWP,24,drought,D24,0,8,Drought_20170724_dwp.seq,8/23/2017 10:00,8/23/2017 17:00,America/Los_Angeles,7,DROUGHT_SATURATION,NA,APS
DWP,25,drought,D25,0,15,Drought_20170724_dwp.seq,8/23/2017 10:00,8/23/2017 17:00,America/Los_Angeles,7,DROUGHT_SATURATION,NA,APS
DWP,16,field_moist,D16,NA,NA,Saturation_II_3soils_20170617_dwp_LONG.seq,6/23/2017 16:46,6/24/2017 14:53,America/Los_Angeles,22.11666667,FIELD_MOIST_INCUBATION,Core D16 is left our of the experiment as no pore water could be extracted from it,TRC
DWP,17,field_moist,D17,1,5,Saturation_II_3soils_20170617_dwp_LONG.seq,6/23/2017 16:46,6/24/2017 14:53,America/Los_Angeles,22.11666667,FIELD_MOIST_INCUBATION,NA,TRC
DWP,18,field_moist,D18,0,7,Saturation_II_3soils_20170617_dwp_LONG.seq,6/23/2017 16:46,6/24/2017 14:53,America/Los_Angeles,22.11666667,FIELD_MOIST_INCUBATION,NA,TRC
DWP,19,field_moist,D19,0,8,Saturation_II_3soils_20170617_dwp_LONG.seq,6/23/2017 16:46,6/24/2017 14:53,America/Los_Angeles,22.11666667,FIELD_MOIST_INCUBATION,NA,TRC
DWP,20,field_moist,D20,0,15,Saturation_II_3soils_20170617_dwp_LONG.seq,6/23/2017 16:46,6/24/2017 14:53,America/Los_Angeles,22.11666667,FIELD_MOIST_INCUBATION,NA,TRC
DWP,16,field_moist,D16,0,3,Saturation_II_3soils_20170617_dwp.seq,6/27/2017 17:36,6/28/2017 12:50,America/Los_Angeles,19.23333333,FIELD_MOIST_INCUBATION,NA,TRC
DWP,17,field_moist,D17,1,5,Saturation_II_3soils_20170617_dwp.seq,6/27/2017 17:36,6/28/2017 12:50,America/Los_Angeles,19.23333333,FIELD_MOIST_INCUBATION,NA,TRC
DWP,18,field_moist,D18,0,7,Saturation_II_3soils_20170617_dwp.seq,6/27/2017 17:36,6/28/2017 12:50,America/Los_Angeles,19.23333333,FIELD_MOIST_INCUBATION,NA,TRC
DWP,19,field_moist,D19,0,8,Saturation_II_3soils_20170617_dwp.seq,6/27/2017 17:36,6/28/2017 12:50,America/Los_Angeles,19.23333333,FIELD_MOIST_INCUBATION,NA,TRC
DWP,20,field_moist,D20,0,15,Saturation_II_3soils_20170617_dwp.seq,6/27/2017 17:36,6/28/2017 12:50,America/Los_Angeles,19.23333333,FIELD_MOIST_INCUBATION,NA,TRC
DWP,16,field_moist,D16,0,3,Saturation_II_3soils_20170617_dwp.seq,7/3/2017 13:56,7/4/2017 10:59,America/Los_Angeles,21.05,FIELD_MOIST_INCUBATION,NA,TRC
DWP,17,field_moist,D17,1,5,Saturation_II_3soils_20170617_dwp.seq,7/3/2017 13:56,7/4/2017 10:59,America/Los_Angeles,21.05,FIELD_MOIST_INCUBATION,NA,TRC
DWP,18,field_moist,D18,0,7,Saturation_II_3soils_20170617_dwp.seq,7/3/2017 13:56,7/4/2017 10:59,America/Los_Angeles,21.05,FIELD_MOIST_INCUBATION,NA,TRC
DWP,19,field_moist,D19,0,8,Saturation_II_3soils_20170617_dwp.seq,7/3/2017 13:56,7/4/2017 10:59,America/Los_Angeles,21.05,FIELD_MOIST_INCUBATION,NA,TRC
DWP,20,field_moist,D20,0,15,Saturation_II_3soils_20170617_dwp.seq,7/3/2017 13:56,7/4/2017 10:59,America/Los_Angeles,21.05,FIELD_MOIST_INCUBATION,NA,TRC
DWP,16,field_moist,D16,0,3,Saturation_II_3soils_20170617_dwp.seq,7/7/2017 14:27,7/9/2017 11:43,America/Los_Angeles,45.26666667,FIELD_MOIST_INCUBATION,NA,TRC
DWP,17,field_moist,D17,1,5,Saturation_II_3soils_20170617_dwp.seq,7/7/2017 14:27,7/9/2017 11:43,America/Los_Angeles,45.26666667,FIELD_MOIST_INCUBATION,NA,TRC
DWP,18,field_moist,D18,0,7,Saturation_II_3soils_20170617_dwp.seq,7/7/2017 14:27,7/9/2017 11:43,America/Los_Angeles,45.26666667,FIELD_MOIST_INCUBATION,NA,TRC
DWP,19,field_moist,D19,0,8,Saturation_II_3soils_20170617_dwp.seq,7/7/2017 14:27,7/9/2017 11:43,America/Los_Angeles,45.26666667,FIELD_MOIST_INCUBATION,NA,TRC
DWP,20,field_moist,D20,0,15,Saturation_II_3soils_20170617_dwp.seq,7/7/2017 14:27,7/9/2017 11:43,America/Los_Angeles,45.26666667,FIELD_MOIST_INCUBATION,NA,TRC
DWP,16,field_moist,D16,0,3,Saturation_II_3soils_20170617_dwp.seq,7/12/2017 11:00,7/12/2017 16:00,America/Los_Angeles,5,FIELD_MOIST_INCUBATION,NA,TRC
DWP,17,field_moist,D17,1,5,Saturation_II_3soils_20170617_dwp.seq,7/12/2017 11:00,7/12/2017 16:00,America/Los_Angeles,5,FIELD_MOIST_INCUBATION,NA,TRC
DWP,18,field_moist,D18,0,7,Saturation_II_3soils_20170617_dwp.seq,7/12/2017 11:00,7/12/2017 16:00,America/Los_Angeles,5,FIELD_MOIST_INCUBATION,NA,TRC
DWP,19,field_moist,D19,0,8,Saturation_II_3soils_20170617_dwp.seq,7/12/2017 11:00,7/12/2017 16:00,America/Los_Angeles,5,FIELD_MOIST_INCUBATION,NA,TRC
DWP,20,field_moist,D20,0,15,Saturation_II_3soils_20170617_dwp.seq,7/12/2017 11:00,7/12/2017 16:00,America/Los_Angeles,5,FIELD_MOIST_INCUBATION,NA,TRC
DWP,16,field_moist,D16,0,3,Saturation_II_3soils_20170617_dwp.seq,7/16/2017 16:00,7/17/2017 8:00,America/Los_Angeles,16,FIELD_MOIST_INCUBATION,NA,APS
DWP,17,field_moist,D17,1,5,Saturation_II_3soils_20170617_dwp.seq,7/16/2017 16:00,7/17/2017 8:00,America/Los_Angeles,16,FIELD_MOIST_INCUBATION,NA,APS
DWP,18,field_moist,D18,0,7,Saturation_II_3soils_20170617_dwp.seq,7/16/2017 16:00,7/17/2017 8:00,America/Los_Angeles,16,FIELD_MOIST_INCUBATION,NA,APS
DWP,19,field_moist,D19,0,8,Saturation_II_3soils_20170617_dwp.seq,7/16/2017 16:00,7/17/2017 8:00,America/Los_Angeles,16,FIELD_MOIST_INCUBATION,NA,APS
DWP,20,field_moist,D20,0,15,Saturation_II_3soils_20170617_dwp.seq,7/16/2017 16:00,7/17/2017 8:00,America/Los_Angeles,16,FIELD_MOIST_INCUBATION,NA,APS
DWP,16,field_moist,D16,0,3,Saturation_II_3soils_20170617_dwp.seq,7/18/2017 18:00,7/19/2017 8:00,America/Los_Angeles,14,FIELD_MOIST_INCUBATION,NA,APS
DWP,17,field_moist,D17,1,5,Saturation_II_3soils_20170617_dwp.seq,7/18/2017 18:00,7/19/2017 8:00,America/Los_Angeles,14,FIELD_MOIST_INCUBATION,NA,APS
DWP,18,field_moist,D18,0,7,Saturation_II_3soils_20170617_dwp.seq,7/18/2017 18:00,7/19/2017 8:00,America/Los_Angeles,14,FIELD_MOIST_INCUBATION,NA,APS
DWP,19,field_moist,D19,0,8,Saturation_II_3soils_20170617_dwp.seq,7/18/2017 18:00,7/19/2017 8:00,America/Los_Angeles,14,FIELD_MOIST_INCUBATION,NA,APS
DWP,20,field_moist,D20,0,15,Saturation_II_3soils_20170617_dwp.seq,7/18/2017 18:00,7/19/2017 8:00,America/Los_Angeles,14,FIELD_MOIST_INCUBATION,NA,APS
DWP,16,field_moist,D16,0,3,Saturation_II_3soils_20170617_dwp.seq,7/21/2017 12:00,7/21/2017 17:00,America/Los_Angeles,5,FIELD_MOIST_INCUBATION,NA,APS
DWP,17,field_moist,D17,1,5,Saturation_II_3soils_20170617_dwp.seq,7/21/2017 12:00,7/21/2017 17:00,America/Los_Angeles,5,FIELD_MOIST_INCUBATION,NA,APS
DWP,18,field_moist,D18,0,7,Saturation_II_3soils_20170617_dwp.seq,7/21/2017 12:00,7/21/2017 17:00,America/Los_Angeles,5,FIELD_MOIST_INCUBATION,NA,APS
DWP,19,field_moist,D19,0,8,Saturation_II_3soils_20170617_dwp.seq,7/21/2017 12:00,7/21/2017 17:00,America/Los_Angeles,5,FIELD_MOIST_INCUBATION,NA,APS
DWP,20,field_moist,D20,0,15,Saturation_II_3soils_20170617_dwp.seq,7/21/2017 12:00,7/21/2017 17:00,America/Los_Angeles,5,FIELD_MOIST_INCUBATION,NA,APS
DWP,16,field_moist,D16,0,3,Saturation_FM_3soils_20170723_dwp.seq,7/23/2017 17:15,7/24/2017 8:30,America/Los_Angeles,15.25,FIELD_MOIST_SATURATION,NA,APS
DWP,17,field_moist,D17,1,5,Saturation_FM_3soils_20170723_dwp.seq,7/23/2017 17:15,7/24/2017 8:30,America/Los_Angeles,15.25,FIELD_MOIST_SATURATION,NA,APS
DWP,18,field_moist,D18,0,1,Saturation_FM_3soils_20170723_dwp.seq,7/23/2017 17:15,7/24/2017 8:30,America/Los_Angeles,15.25,FIELD_MOIST_SATURATION,NA,APS
DWP,19,field_moist,D19,0,8,Saturation_FM_3soils_20170723_dwp.seq,7/23/2017 17:15,7/24/2017 8:30,America/Los_Angeles,15.25,FIELD_MOIST_SATURATION,NA,APS
DWP,20,field_moist,D20,0,15,Saturation_FM_3soils_20170723_dwp.seq,7/23/2017 17:15,7/24/2017 8:30,America/Los_Angeles,15.25,FIELD_MOIST_SATURATION,NA,APS
DWP,11,sat_II,D11,0,3,Saturation_II_3soils_20170617_dwp.seq,6/17/2017 15:15,6/18/2017 13:46,America/Los_Angeles,22.51666667,SATURATION_SATURATION,NA,TRC
DWP,12,sat_II,D12,0,5,Saturation_II_3soils_20170617_dwp.seq,6/17/2017 15:15,6/18/2017 13:46,America/Los_Angeles,22.51666667,SATURATION_SATURATION,NA,TRC
DWP,13,sat_II,D13,1,7,Saturation_II_3soils_20170617_dwp.seq,6/17/2017 15:15,6/18/2017 13:46,America/Los_Angeles,22.51666667,SATURATION_SATURATION,NA,TRC
DWP,14,sat_II,D14,0.5,8,Saturation_II_3soils_20170617_dwp.seq,6/17/2017 15:15,6/18/2017 13:46,America/Los_Angeles,22.51666667,SATURATION_SATURATION,NA,TRC
DWP,15,sat_II,D15,0.5,15,Saturation_II_3soils_20170617_dwp.seq,6/17/2017 15:15,6/18/2017 13:46,America/Los_Angeles,22.51666667,SATURATION_SATURATION,NA,TRC
DWP,11,sat_II,D11,0,3,Saturation_II_3soils_20170617_dwp.seq,6/20/2017 16:20,6/21/2017 15:40,America/Los_Angeles,23.33333333,SATURATION_INCUBATION,NA,TRC
DWP,12,sat_II,D12,0,5,Saturation_II_3soils_20170617_dwp.seq,6/20/2017 16:20,6/21/2017 15:40,America/Los_Angeles,23.33333333,SATURATION_INCUBATION,NA,TRC
DWP,13,sat_II,D13,1,7,Saturation_II_3soils_20170617_dwp.seq,6/20/2017 16:20,6/21/2017 15:40,America/Los_Angeles,23.33333333,SATURATION_INCUBATION,NA,TRC
DWP,14,sat_II,D14,0.5,8,Saturation_II_3soils_20170617_dwp.seq,6/20/2017 16:20,6/21/2017 15:40,America/Los_Angeles,23.33333333,SATURATION_INCUBATION,NA,TRC
DWP,15,sat_II,D15,0.5,15,Saturation_II_3soils_20170617_dwp.seq,6/20/2017 16:20,6/21/2017 15:40,America/Los_Angeles,23.33333333,SATURATION_INCUBATION,NA,TRC
DWP,11,sat_II,D11,0,3,Saturation_II_3soils_20170617_dwp_LONG.seq,6/22/2017 18:00,6/23/2017 9:38,America/Los_Angeles,15.63333333,SATURATION_INCUBATION,NA,TRC
DWP,12,sat_II,D12,0,5,Saturation_II_3soils_20170617_dwp_LONG.seq,6/22/2017 18:00,6/23/2017 9:38,America/Los_Angeles,15.63333333,SATURATION_INCUBATION,NA,TRC
DWP,13,sat_II,D13,1,7,Saturation_II_3soils_20170617_dwp_LONG.seq,6/22/2017 18:00,6/23/2017 9:38,America/Los_Angeles,15.63333333,SATURATION_INCUBATION,NA,TRC
DWP,14,sat_II,D14,0.5,8,Saturation_II_3soils_20170617_dwp_LONG.seq,6/22/2017 18:00,6/23/2017 9:38,America/Los_Angeles,15.63333333,SATURATION_INCUBATION,NA,TRC
DWP,15,sat_II,D15,0.5,15,Saturation_II_3soils_20170617_dwp_LONG.seq,6/22/2017 18:00,6/23/2017 9:38,America/Los_Angeles,15.63333333,SATURATION_INCUBATION,NA,TRC
DWP,11,sat_II,D11,0,3,Saturation_II_3soils_20170617_dwp.seq,6/24/2017 16:31,6/26/2017 9:20,America/Los_Angeles,40.81666667,SATURATION_INCUBATION,NA,TRC
DWP,12,sat_II,D12,0,5,Saturation_II_3soils_20170617_dwp.seq,6/24/2017 16:31,6/26/2017 9:20,America/Los_Angeles,40.81666667,SATURATION_INCUBATION,NA,TRC
DWP,13,sat_II,D13,1,7,Saturation_II_3soils_20170617_dwp.seq,6/24/2017 16:31,6/26/2017 9:20,America/Los_Angeles,40.81666667,SATURATION_INCUBATION,NA,TRC
DWP,14,sat_II,D14,0.5,8,Saturation_II_3soils_20170617_dwp.seq,6/24/2017 16:31,6/26/2017 9:20,America/Los_Angeles,40.81666667,SATURATION_INCUBATION,NA,TRC
DWP,15,sat_II,D15,0.5,15,Saturation_II_3soils_20170617_dwp.seq,6/24/2017 16:31,6/26/2017 9:20,America/Los_Angeles,40.81666667,SATURATION_INCUBATION,NA,TRC
DWP,11,sat_II,D11,0,3,Saturation_II_3soils_20170617_dwp.seq,6/27/2017 11:18,6/27/2017 16:32,America/Los_Angeles,5.233333333,SATURATION_INCUBATION,NA,TRC
DWP,12,sat_II,D12,0,5,Saturation_II_3soils_20170617_dwp.seq,6/27/2017 11:18,6/27/2017 16:32,America/Los_Angeles,5.233333333,SATURATION_INCUBATION,NA,TRC
DWP,13,sat_II,D13,1,7,Saturation_II_3soils_20170617_dwp.seq,6/27/2017 11:18,6/27/2017 16:32,America/Los_Angeles,5.233333333,SATURATION_INCUBATION,NA,TRC
DWP,14,sat_II,D14,0.5,8,Saturation_II_3soils_20170617_dwp.seq,6/27/2017 11:18,6/27/2017 16:32,America/Los_Angeles,5.233333333,SATURATION_INCUBATION,NA,TRC
DWP,15,sat_II,D15,0.5,15,Saturation_II_3soils_20170617_dwp.seq,6/27/2017 11:18,6/27/2017 16:32,America/Los_Angeles,5.233333333,SATURATION_INCUBATION,NA,TRC
DWP,11,sat_II,D11,0,3,Saturation_II_3soils_20170617_dwp.seq,7/1/2017 14:00,07/02/2017 15:50,America/Los_Angeles,25.83333333,SATURATION_INCUBATION,NA,TRC
DWP,12,sat_II,D12,0,5,Saturation_II_3soils_20170617_dwp.seq,7/1/2017 14:00,07/02/2017 15:50,America/Los_Angeles,25.83333333,SATURATION_INCUBATION,NA,TRC
DWP,13,sat_II,D13,1,7,Saturation_II_3soils_20170617_dwp.seq,7/1/2017 14:00,07/02/2017 15:50,America/Los_Angeles,25.83333333,SATURATION_INCUBATION,NA,TRC
DWP,14,sat_II,D14,0.5,8,Saturation_II_3soils_20170617_dwp.seq,7/1/2017 14:00,07/02/2017 15:50,America/Los_Angeles,25.83333333,SATURATION_INCUBATION,NA,TRC
DWP,15,sat_II,D15,0.5,15,Saturation_II_3soils_20170617_dwp.seq,7/1/2017 14:00,07/02/2017 15:50,America/Los_Angeles,25.83333333,SATURATION_INCUBATION,NA,TRC
DWP,11,sat_II,D11,0,3,Saturation_II_3soils_20170617_dwp.seq,7/4/2017 11:55,7/5/2017 10:09,America/Los_Angeles,22.23333333,SATURATION_INCUBATION,NA,TRC
DWP,12,sat_II,D12,0,5,Saturation_II_3soils_20170617_dwp.seq,7/4/2017 11:55,7/5/2017 10:09,America/Los_Angeles,22.23333333,SATURATION_INCUBATION,NA,TRC
DWP,13,sat_II,D13,1,7,Saturation_II_3soils_20170617_dwp.seq,7/4/2017 11:55,7/5/2017 10:09,America/Los_Angeles,22.23333333,SATURATION_INCUBATION,NA,TRC
DWP,14,sat_II,D14,0.5,8,Saturation_II_3soils_20170617_dwp.seq,7/4/2017 11:55,7/5/2017 10:09,America/Los_Angeles,22.23333333,SATURATION_INCUBATION,NA,TRC
DWP,15,sat_II,D15,0.5,15,Saturation_II_3soils_20170617_dwp.seq,7/4/2017 11:55,7/5/2017 10:09,America/Los_Angeles,22.23333333,SATURATION_INCUBATION,NA,TRC
DWP,11,sat_II,D11,0,3,Saturation_II_3soils_20170617_dwp.seq,7/10/2017 16:12,7/11/2017 10:02,America/Los_Angeles,17.83333333,SATURATION_INCUBATION,NA,TRC
DWP,12,sat_II,D12,0,5,Saturation_II_3soils_20170617_dwp.seq,7/10/2017 16:12,7/11/2017 10:02,America/Los_Angeles,17.83333333,SATURATION_INCUBATION,NA,TRC
DWP,13,sat_II,D13,1,7,Saturation_II_3soils_20170617_dwp.seq,7/10/2017 16:12,7/11/2017 10:02,America/Los_Angeles,17.83333333,SATURATION_INCUBATION,NA,TRC
DWP,14,sat_II,D14,0.5,8,Saturation_II_3soils_20170617_dwp.seq,7/10/2017 16:12,7/11/2017 10:02,America/Los_Angeles,17.83333333,SATURATION_INCUBATION,NA,TRC
DWP,15,sat_II,D15,0.5,15,Saturation_II_3soils_20170617_dwp.seq,7/10/2017 16:12,7/11/2017 10:02,America/Los_Angeles,17.83333333,SATURATION_INCUBATION,NA,TRC
DWP,11,sat_II,D11,0,3,Saturation_II_3soils_20170617_dwp.seq,7/15/2017 10:30,7/16/2017 9:00,America/Los_Angeles,22.5,SATURATION_INCUBATION,NA,TRC
DWP,12,sat_II,D12,0,5,Saturation_II_3soils_20170617_dwp.seq,7/15/2017 10:30,7/16/2017 9:00,America/Los_Angeles,22.5,SATURATION_INCUBATION,NA,TRC
DWP,13,sat_II,D13,1,7,Saturation_II_3soils_20170617_dwp.seq,7/15/2017 10:30,7/16/2017 9:00,America/Los_Angeles,22.5,SATURATION_INCUBATION,NA,TRC
DWP,14,sat_II,D14,0.5,8,Saturation_II_3soils_20170617_dwp.seq,7/15/2017 10:30,7/16/2017 9:00,America/Los_Angeles,22.5,SATURATION_INCUBATION,NA,TRC
DWP,15,sat_II,D15,0.5,15,Saturation_II_3soils_20170617_dwp.seq,7/15/2017 10:30,7/16/2017 9:00,America/Los_Angeles,22.5,SATURATION_INCUBATION,NA,TRC
CPCRW,NA,ambient,NA,NA,16,Drought,10/6/2016 15:15,10/7/2016 6:15,America/Los_Angeles,15,AMBIENT_4C,ambient__APS; Stop time edited by TRC; a nominal value of 0.5 cm is filled in for missing data by TRC,APS
CPCRW,21,drought,C21,0.5,1,Drought,10/6/2016 15:15,10/7/2016 6:15,America/Los_Angeles,15,DROUGHT4C_PRE_INCUBATION,4C__APS,APS
CPCRW,22,drought,C22,0.5,2,Drought,10/6/2016 15:15,10/7/2016 6:15,America/Los_Angeles,15,DROUGHT4C_PRE_INCUBATION,4C__APS,APS
CPCRW,23,drought,C23,0.5,3,Drought,10/6/2016 15:15,10/7/2016 6:15,America/Los_Angeles,15,DROUGHT4C_PRE_INCUBATION,4C__APS,APS
CPCRW,24,drought,C24,0.5,4,Drought,10/6/2016 15:15,10/7/2016 6:15,America/Los_Angeles,15,DROUGHT4C_PRE_INCUBATION,4C__APS,APS
CPCRW,25,drought,C25,0.5,5,Drought,10/6/2016 15:15,10/7/2016 6:15,America/Los_Angeles,15,DROUGHT4C_PRE_INCUBATION,4C__APS,APS
CPCRW,NA,ambient,NA,NA,16,NA,10/7/2016 16:22,10/8/2016 7:30,America/Los_Angeles,15.13333333,AMBIENT,"ambient__TRC, APS","TRC, APS"
CPCRW,6,sat_I,C6,1,6,NA,10/7/2016 16:22,10/8/2016 7:30,America/Los_Angeles,15.13333333,SATURATION_IMMEDIATE,"SATURATION EVENT, weight post-measurement__TRC, APS","TRC, APS"
CPCRW,7,sat_I,C7,0,7,NA,10/7/2016 16:22,10/8/2016 7:30,America/Los_Angeles,15.13333333,SATURATION_IMMEDIATE,"SATURATION EVENT, weight post-measurement__TRC, APS","TRC, APS"
CPCRW,8,sat_I,C8,2,8,NA,10/7/2016 16:22,10/8/2016 7:30,America/Los_Angeles,15.13333333,SATURATION_IMMEDIATE,"SATURATION EVENT, weight post-measurement__TRC, APS","TRC, APS"
CPCRW,9,sat_I,C9,2,9,NA,10/7/2016 16:22,10/8/2016 7:30,America/Los_Angeles,15.13333333,SATURATION_IMMEDIATE,"SATURATION EVENT, weight post-measurement__TRC, APS","TRC, APS"
CPCRW,10,sat_I,C10,1,10,NA,10/7/2016 16:22,10/8/2016 7:30,America/Los_Angeles,15.13333333,SATURATION_IMMEDIATE,"SATURATION EVENT, weight post-measurement__TRC, APS","TRC, APS"
CPCRW,NA,ambient,NA,NA,16,Drought_3Soils....,10/9/2016 9:30,10/9/2016 21:30,America/Los_Angeles,12,AMBIENT_4C,ambient core at 4C__APS,APS
CPCRW,21,drought,C21,0.5,1,Drought_3Soils....,10/10/2016 9:30,10/11/2016 0:30,America/Los_Angeles,15,DROUGHT4C_PRE_INCUBATION,4C__APS,APS
CPCRW,22,drought,C22,0.5,2,Drought_3Soils....,10/10/2016 9:30,10/11/2016 0:30,America/Los_Angeles,15,DROUGHT4C_PRE_INCUBATION,4C__APS,APS
CPCRW,23,drought,C23,0.5,3,Drought_3Soils....,10/10/2016 9:30,10/11/2016 0:30,America/Los_Angeles,15,DROUGHT4C_PRE_INCUBATION,4C__APS,APS
CPCRW,24,drought,C24,0.5,4,Drought_3Soils....,10/10/2016 9:30,10/11/2016 0:30,America/Los_Angeles,15,DROUGHT4C_PRE_INCUBATION,4C__APS,APS
CPCRW,25,drought,C25,0.5,5,Drought_3Soils....,10/10/2016 9:30,10/11/2016 0:30,America/Los_Angeles,15,DROUGHT4C_PRE_INCUBATION,4C__APS,APS
CPCRW,NA,ambient,NA,NA,16,Saturation_II_3Soils_20161012,10/11/2016 17:00,10/12/2016 8:30,America/Los_Angeles,15.5,AMBIENT,"ambient__TRC, APS","TRC, APS"
CPCRW,11,sat_II,C11,3,11,Saturation_II_3Soils_20161012,10/11/2016 17:00,10/12/2016 8:30,America/Los_Angeles,15.5,SATURATION_SATURATION,"SATURATION EVENT__TRC, APS","TRC, APS"
CPCRW,12,sat_II,C12,3,12,Saturation_II_3Soils_20161012,10/11/2016 17:00,10/12/2016 8:30,America/Los_Angeles,15.5,SATURATION_SATURATION,"SATURATION EVENT__TRC, APS","TRC, APS"
CPCRW,13,sat_II,C13,1,13,Saturation_II_3Soils_20161012,10/11/2016 17:00,10/12/2016 8:30,America/Los_Angeles,15.5,SATURATION_SATURATION,"SATURATION EVENT__TRC, APS","TRC, APS"
CPCRW,14,sat_II,C14,1.5,14,Saturation_II_3Soils_20161012,10/11/2016 17:00,10/12/2016 8:30,America/Los_Angeles,15.5,SATURATION_SATURATION,"SATURATION EVENT__TRC, APS","TRC, APS"
CPCRW,15,sat_II,C15,5,15,Saturation_II_3Soils_20161012,10/11/2016 17:00,10/12/2016 8:30,America/Los_Angeles,15.5,SATURATION_SATURATION,"SATURATION EVENT__TRC, APS","TRC, APS"
CPCRW,NA,ambient,NA,NA,16,Drought,10/13/2016 9:30,10/13/2016 12:44,America/Los_Angeles,3.233333333,AMBIENT_4C,"ambient, 4C__APS",APS
CPCRW,21,drought,C21,0.5,1,Drought,10/13/2016 9:30,10/13/2016 12:44,America/Los_Angeles,3.233333333,DROUGHT4C_PRE_INCUBATION,4C__APS,APS
CPCRW,22,drought,C22,0.5,2,Drought,10/13/2016 9:30,10/13/2016 12:44,America/Los_Angeles,3.233333333,DROUGHT4C_PRE_INCUBATION,4C__APS,APS
CPCRW,23,drought,C23,0.5,3,Drought,10/13/2016 9:30,10/13/2016 12:44,America/Los_Angeles,3.233333333,DROUGHT4C_PRE_INCUBATION,4C__APS,APS
CPCRW,24,drought,C24,0.5,4,Drought,10/13/2016 9:30,10/13/2016 12:44,America/Los_Angeles,3.233333333,DROUGHT4C_PRE_INCUBATION,4C__APS,APS
CPCRW,25,drought,C25,0.5,5,Drought,10/13/2016 9:30,10/13/2016 12:44,America/Los_Angeles,3.233333333,DROUGHT4C_PRE_INCUBATION,4C__APS,APS
CPCRW,16,field_moist,C16,0,8,Field_Moist,10/11/2016 10:56,10/11/2016 13:56,America/Los_Angeles,3,FIELD_MOIST_INCUBATION,"Valve numbers written on paper, but not recorded here, nice hand-writing, not mine :)__SF or TRC?",SF
CPCRW,17,field_moist,C17,3,6,Field_Moist,10/11/2016 10:56,10/11/2016 13:56,America/Los_Angeles,3,FIELD_MOIST_INCUBATION,"Valve numbers written on paper, but not recorded here, nice hand-writing, not mine :)__SF or TRC?",SF
CPCRW,18,field_moist,C18,0,1,Field_Moist,10/11/2016 10:56,10/11/2016 13:56,America/Los_Angeles,3,FIELD_MOIST_INCUBATION,"Valve numbers written on paper, but not recorded here, nice hand-writing, not mine :)__SF or TRC?",SF
CPCRW,19,field_moist,C19,0,7,Field_Moist,10/11/2016 10:56,10/11/2016 13:56,America/Los_Angeles,3,FIELD_MOIST_INCUBATION,"Valve numbers written on paper, but not recorded here, nice hand-writing, not mine :)__SF or TRC?",SF
CPCRW,20,field_moist,C20,0,2,Field_Moist,10/11/2016 10:56,10/11/2016 13:56,America/Los_Angeles,3,FIELD_MOIST_INCUBATION,"Valve numbers written on paper, but not recorded here, nice hand-writing, not mine :)__SF or TRC?",SF
CPCRW,NA,ambient,NA,NA,16,Saturation_II_FM_3Soils_20161015,10/15/2016 10:37,10/15/2016 13:30,America/Los_Angeles,2.883333333,AMBIENT,ambient__APS,APS
CPCRW,11,sat_II,C11,3,2,Saturation_II_FM_3Soils_20161015,10/15/2016 10:37,10/15/2016 13:30,America/Los_Angeles,2.883333333,SATURATION_INCUBATION,with top cap__APS,APS
CPCRW,12,sat_II,C12,3,8,Saturation_II_FM_3Soils_20161015,10/15/2016 10:37,10/15/2016 13:30,America/Los_Angeles,2.883333333,SATURATION_INCUBATION,with top cap__APS,APS
CPCRW,13,sat_II,C13,1,7,Saturation_II_FM_3Soils_20161015,10/15/2016 10:37,10/15/2016 13:30,America/Los_Angeles,2.883333333,SATURATION_INCUBATION,with top cap__APS,APS
CPCRW,14,sat_II,C14,1.5,1,Saturation_II_FM_3Soils_20161015,10/15/2016 10:37,10/15/2016 13:30,America/Los_Angeles,2.883333333,SATURATION_INCUBATION,with top cap__APS,APS
CPCRW,15,sat_II,C15,5,15,Saturation_II_FM_3Soils_20161015,10/15/2016 10:37,10/15/2016 13:30,America/Los_Angeles,2.883333333,SATURATION_INCUBATION,with top cap__APS,APS
CPCRW,16,field_moist,C16,0,4,Saturation_II_FM_3Soils_20161015,10/15/2016 10:37,10/15/2016 13:30,America/Los_Angeles,2.883333333,FIELD_MOIST_INCUBATION,with top cap__APS,APS
CPCRW,17,field_moist,C17,3,3,Saturation_II_FM_3Soils_20161015,10/15/2016 10:37,10/15/2016 13:30,America/Los_Angeles,2.883333333,FIELD_MOIST_INCUBATION,with top cap__APS,APS
CPCRW,18,field_moist,C18,0,5,Saturation_II_FM_3Soils_20161015,10/15/2016 10:37,10/15/2016 13:30,America/Los_Angeles,2.883333333,FIELD_MOIST_INCUBATION,with top cap__APS,APS
CPCRW,19,field_moist,C19,0,13,Saturation_II_FM_3Soils_20161015,10/15/2016 10:37,10/15/2016 13:30,America/Los_Angeles,2.883333333,FIELD_MOIST_INCUBATION,with top cap__APS,APS
CPCRW,20,field_moist,C20,0,6,Saturation_II_FM_3Soils_20161015,10/15/2016 10:37,10/15/2016 13:30,America/Los_Angeles,2.883333333,FIELD_MOIST_INCUBATION,with top cap__APS,APS
CPCRW,NA,ambient,NA,NA,16,SatII_FM_drought_18Oct2016,10/18/2016 10:03,10/18/2016 16:05,America/Los_Angeles,6.033333333,AMBIENT,ambient__SF,SF 
CPCRW,16,field_moist,C16,0,2,SatII_FM_drought_18Oct2016,10/18/2016 10:03,10/18/2016 16:05,America/Los_Angeles,6.033333333,FIELD_MOIST_INCUBATION,FM mass with lid__SF,SF 
CPCRW,17,field_moist,C17,3,3,SatII_FM_drought_18Oct2016,10/18/2016 10:03,10/18/2016 16:05,America/Los_Angeles,6.033333333,FIELD_MOIST_INCUBATION,FM mass with lid__SF,SF 
CPCRW,18,field_moist,C18,0,4,SatII_FM_drought_18Oct2016,10/18/2016 10:03,10/18/2016 16:05,America/Los_Angeles,6.033333333,FIELD_MOIST_INCUBATION,FM mass with lid__SF,SF 
CPCRW,19,field_moist,C19,0,5,SatII_FM_drought_18Oct2016,10/18/2016 10:03,10/18/2016 16:05,America/Los_Angeles,6.033333333,FIELD_MOIST_INCUBATION,FM mass with lid__SF,SF 
CPCRW,20,field_moist,C20,0,1,SatII_FM_drought_18Oct2016,10/18/2016 10:03,10/18/2016 16:05,America/Los_Angeles,6.033333333,FIELD_MOIST_INCUBATION,FM mass with lid__SF,SF 
CPCRW,11,sat_II,C11,3,15,SatII_FM_drought_18Oct2016,10/18/2016 10:03,10/18/2016 16:05,America/Los_Angeles,6.033333333,SATURATION_INCUBATION,sat mass with lid__SF,SF 
CPCRW,12,sat_II,C12,3,6,SatII_FM_drought_18Oct2016,10/18/2016 10:03,10/18/2016 16:05,America/Los_Angeles,6.033333333,SATURATION_INCUBATION,sat mass with lid__SF,SF 
CPCRW,13,sat_II,C13,1,13,SatII_FM_drought_18Oct2016,10/18/2016 10:03,10/18/2016 16:05,America/Los_Angeles,6.033333333,SATURATION_INCUBATION,sat mass with lid__SF,SF 
CPCRW,14,sat_II,C14,1.5,8,SatII_FM_drought_18Oct2016,10/18/2016 10:03,10/18/2016 16:05,America/Los_Angeles,6.033333333,SATURATION_INCUBATION,sat mass with lid__SF,SF 
CPCRW,15,sat_II,C15,5,7,SatII_FM_drought_18Oct2016,10/18/2016 10:03,10/18/2016 16:05,America/Los_Angeles,6.033333333,SATURATION_INCUBATION,sat mass with lid__SF,SF 
CPCRW,21,drought,C21,0.5,12,SatII_FM_drought_18Oct2016,10/18/2016 10:03,10/18/2016 16:05,America/Los_Angeles,6.033333333,DROUGHT_PRE_INCUBATION,cores moved to 20˚C__SF,SF 
CPCRW,22,drought,C22,0.5,10,SatII_FM_drought_18Oct2016,10/18/2016 10:03,10/18/2016 16:05,America/Los_Angeles,6.033333333,DROUGHT_PRE_INCUBATION,cores moved to 20˚C__SF,SF 
CPCRW,23,drought,C23,0.5,9,SatII_FM_drought_18Oct2016,10/18/2016 10:03,10/18/2016 16:05,America/Los_Angeles,6.033333333,DROUGHT_PRE_INCUBATION,cores moved to 20˚C__SF,SF 
CPCRW,24,drought,C24,0.5,14,SatII_FM_drought_18Oct2016,10/18/2016 10:03,10/18/2016 16:05,America/Los_Angeles,6.033333333,DROUGHT_PRE_INCUBATION,cores moved to 20˚C__SF,SF 
CPCRW,25,drought,C25,0.5,11,SatII_FM_drought_18Oct2016,10/18/2016 10:03,10/18/2016 16:05,America/Los_Angeles,6.033333333,DROUGHT_PRE_INCUBATION,cores moved to 20˚C__SF,SF 
CPCRW,NA,ambient,NA,NA,16,SatII_FM_drought_18Oct2016,10/20/2016 10:37,10/20/2016 16:05,America/Los_Angeles,5.466666667,AMBIENT,ambient__SF,SF 
CPCRW,16,field_moist,C16,0,15,SatII_FM_drought_18Oct2016,10/20/2016 10:37,10/20/2016 16:05,America/Los_Angeles,5.466666667,FIELD_MOIST_INCUBATION,FM mass with lid__SF,SF 
CPCRW,17,field_moist,C17,3,9,SatII_FM_drought_18Oct2016,10/20/2016 10:37,10/20/2016 16:05,America/Los_Angeles,5.466666667,FIELD_MOIST_INCUBATION,FM mass with lid__SF,SF 
CPCRW,18,field_moist,C18,0,13,SatII_FM_drought_18Oct2016,10/20/2016 10:37,10/20/2016 16:05,America/Los_Angeles,5.466666667,FIELD_MOIST_INCUBATION,FM mass with lid__SF,SF 
CPCRW,19,field_moist,C19,0,14,SatII_FM_drought_18Oct2016,10/20/2016 10:37,10/20/2016 16:05,America/Los_Angeles,5.466666667,FIELD_MOIST_INCUBATION,FM mass with lid__SF,SF 
CPCRW,20,field_moist,C20,0,12,SatII_FM_drought_18Oct2016,10/20/2016 10:37,10/20/2016 16:05,America/Los_Angeles,5.466666667,FIELD_MOIST_INCUBATION,FM mass with lid__SF,SF 
CPCRW,11,sat_II,C11,3,6,SatII_FM_drought_18Oct2016,10/20/2016 10:37,10/20/2016 16:05,America/Los_Angeles,5.466666667,SATURATION_INCUBATION,sat mass with lid__SF,SF 
CPCRW,12,sat_II,C12,3,2,SatII_FM_drought_18Oct2016,10/20/2016 10:37,10/20/2016 16:05,America/Los_Angeles,5.466666667,SATURATION_INCUBATION,"sat mass with lid, problem core, check water level daily__SF",SF 
CPCRW,13,sat_II,C13,1,7,SatII_FM_drought_18Oct2016,10/20/2016 10:37,10/20/2016 16:05,America/Los_Angeles,5.466666667,SATURATION_INCUBATION,sat mass with lid__SF,SF 
CPCRW,14,sat_II,C14,1.5,10,SatII_FM_drought_18Oct2016,10/20/2016 10:37,10/20/2016 16:05,America/Los_Angeles,5.466666667,SATURATION_INCUBATION,sat mass with lid__SF,SF 
CPCRW,15,sat_II,C15,5,11,SatII_FM_drought_18Oct2016,10/20/2016 10:37,10/20/2016 16:05,America/Los_Angeles,5.466666667,SATURATION_INCUBATION,sat mass with lid__SF,SF 
CPCRW,21,drought,C21,0.5,8,SatII_FM_drought_18Oct2016,10/20/2016 10:37,10/20/2016 16:05,America/Los_Angeles,5.466666667,DROUGHT_PRE_INCUBATION,dr mass no lid__SF,SF 
CPCRW,22,drought,C22,0.5,5,SatII_FM_drought_18Oct2016,10/20/2016 10:37,10/20/2016 16:05,America/Los_Angeles,5.466666667,DROUGHT_PRE_INCUBATION,dr mass no lid__SF,SF 
CPCRW,23,drought,C23,0.5,4,SatII_FM_drought_18Oct2016,10/20/2016 10:37,10/20/2016 16:05,America/Los_Angeles,5.466666667,DROUGHT_PRE_INCUBATION,dr mass no lid__SF,SF 
CPCRW,24,drought,C24,0.5,1,SatII_FM_drought_18Oct2016,10/20/2016 10:37,10/20/2016 16:05,America/Los_Angeles,5.466666667,DROUGHT_PRE_INCUBATION,dr mass no lid__SF,SF 
CPCRW,25,drought,C25,0.5,3,SatII_FM_drought_18Oct2016,10/20/2016 10:37,10/20/2016 16:05,America/Los_Angeles,5.466666667,DROUGHT_PRE_INCUBATION,dr mass no lid__SF,SF 
CPCRW,NA,ambient,NA,NA,16,SatII_FM_drought_18Oct2016,10/25/2016 11:12,10/25/2016 18:05,America/Los_Angeles,6.883333333,AMBIENT,ambient__SF,SF 
CPCRW,16,field_moist,C16,0,5,SatII_FM_drought_18Oct2016,10/25/2016 11:12,10/25/2016 18:05,America/Los_Angeles,6.883333333,FIELD_MOIST_INCUBATION,Mass includes lid or no lid?__SF,SF 
CPCRW,17,field_moist,C17,3,6,SatII_FM_drought_18Oct2016,10/25/2016 11:12,10/25/2016 18:05,America/Los_Angeles,6.883333333,FIELD_MOIST_INCUBATION,Mass includes lid or no lid?__SF,SF 
CPCRW,18,field_moist,C18,0,13,SatII_FM_drought_18Oct2016,10/25/2016 11:12,10/25/2016 18:05,America/Los_Angeles,6.883333333,FIELD_MOIST_INCUBATION,Mass includes lid or no lid?__SF,SF 
CPCRW,19,field_moist,C19,0,11,SatII_FM_drought_18Oct2016,10/25/2016 11:12,10/25/2016 18:05,America/Los_Angeles,6.883333333,FIELD_MOIST_INCUBATION,Mass includes lid or no lid?__SF,SF 
CPCRW,20,field_moist,C20,0,10,SatII_FM_drought_18Oct2016,10/25/2016 11:12,10/25/2016 18:05,America/Los_Angeles,6.883333333,FIELD_MOIST_INCUBATION,Mass includes lid or no lid?__SF,SF 
CPCRW,11,sat_II,C11,3,8,SatII_FM_drought_18Oct2016,10/25/2016 11:12,10/25/2016 18:05,America/Los_Angeles,6.883333333,SATURATION_INCUBATION,sat mass with lid__SF,SF 
CPCRW,12,sat_II,C12,3,7,SatII_FM_drought_18Oct2016,10/25/2016 11:12,10/25/2016 18:05,America/Los_Angeles,6.883333333,SATURATION_INCUBATION,sat mass with lid__SF,SF 
CPCRW,13,sat_II,C13,1,12,SatII_FM_drought_18Oct2016,10/25/2016 11:12,10/25/2016 18:05,America/Los_Angeles,6.883333333,SATURATION_INCUBATION,sat mass with lid__SF,SF 
CPCRW,14,sat_II,C14,1.5,4,SatII_FM_drought_18Oct2016,10/25/2016 11:12,10/25/2016 18:05,America/Los_Angeles,6.883333333,SATURATION_INCUBATION,sat mass with lid__SF,SF 
CPCRW,15,sat_II,C15,5,1,SatII_FM_drought_18Oct2016,10/25/2016 11:12,10/25/2016 18:05,America/Los_Angeles,6.883333333,SATURATION_INCUBATION,sat mass with lid__SF,SF 
CPCRW,21,drought,C21,0.5,3,SatII_FM_drought_18Oct2016,10/25/2016 11:12,10/25/2016 18:05,America/Los_Angeles,6.883333333,DROUGHT_PRE_INCUBATION,dr mass no lid__SF,SF 
CPCRW,22,drought,C22,0.5,2,SatII_FM_drought_18Oct2016,10/25/2016 11:12,10/25/2016 18:05,America/Los_Angeles,6.883333333,DROUGHT_PRE_INCUBATION,dr mass no lid__SF,SF 
CPCRW,23,drought,C23,0.5,14,SatII_FM_drought_18Oct2016,10/25/2016 11:12,10/25/2016 18:05,America/Los_Angeles,6.883333333,DROUGHT_PRE_INCUBATION,dr mass no lid__SF,SF 
CPCRW,24,drought,C24,0.5,9,SatII_FM_drought_18Oct2016,10/25/2016 11:12,10/25/2016 18:05,America/Los_Angeles,6.883333333,DROUGHT_PRE_INCUBATION,dr mass no lid__SF,SF 
CPCRW,25,drought,C25,0.5,15,SatII_FM_drought_18Oct2016,10/25/2016 11:12,10/25/2016 18:05,America/Los_Angeles,6.883333333,DROUGHT_PRE_INCUBATION,dr mass no lid__SF,SF 
CPCRW,NA,ambient,NA,NA,16,SatII_FM_drought_18Oct2016,10/27/2016 10:52,10/27/2016 16:05,America/Los_Angeles,5.216666667,AMBIENT,ambient__SF,SF 
CPCRW,16,field_moist,C16,0,6,SatII_FM_drought_18Oct2016,10/27/2016 10:52,10/27/2016 16:05,America/Los_Angeles,5.216666667,FIELD_MOIST_INCUBATION,Mass includes lid or no lid?__SF,SF 
CPCRW,17,field_moist,C17,3,7,SatII_FM_drought_18Oct2016,10/27/2016 10:52,10/27/2016 16:05,America/Los_Angeles,5.216666667,FIELD_MOIST_INCUBATION,Mass includes lid or no lid?__SF,SF 
CPCRW,18,field_moist,C18,0,4,SatII_FM_drought_18Oct2016,10/27/2016 10:52,10/27/2016 16:05,America/Los_Angeles,5.216666667,FIELD_MOIST_INCUBATION,Mass includes lid or no lid?__SF,SF 
CPCRW,19,field_moist,C19,0,10,SatII_FM_drought_18Oct2016,10/27/2016 10:52,10/27/2016 16:05,America/Los_Angeles,5.216666667,FIELD_MOIST_INCUBATION,Mass includes lid or no lid?__SF,SF 
CPCRW,20,field_moist,C20,0,13,SatII_FM_drought_18Oct2016,10/27/2016 10:52,10/27/2016 16:05,America/Los_Angeles,5.216666667,FIELD_MOIST_INCUBATION,Mass includes lid or no lid?__SF,SF 
CPCRW,11,sat_II,C11,3,3,SatII_FM_drought_18Oct2016,10/27/2016 10:52,10/27/2016 16:05,America/Los_Angeles,5.216666667,SATURATION_INCUBATION,Mass includes lid or no lid?__SF,SF 
CPCRW,12,sat_II,C12,3,9,SatII_FM_drought_18Oct2016,10/27/2016 10:52,10/27/2016 16:05,America/Los_Angeles,5.216666667,SATURATION_INCUBATION,Mass includes lid or no lid?__SF,SF 
CPCRW,13,sat_II,C13,1,15,SatII_FM_drought_18Oct2016,10/27/2016 10:52,10/27/2016 16:05,America/Los_Angeles,5.216666667,SATURATION_INCUBATION,Mass includes lid or no lid?__SF,SF 
CPCRW,14,sat_II,C14,1.5,12,SatII_FM_drought_18Oct2016,10/27/2016 10:52,10/27/2016 16:05,America/Los_Angeles,5.216666667,SATURATION_INCUBATION,Mass includes lid or no lid?__SF,SF 
CPCRW,15,sat_II,C15,5,11,SatII_FM_drought_18Oct2016,10/27/2016 10:52,10/27/2016 16:05,America/Los_Angeles,5.216666667,SATURATION_INCUBATION,Mass includes lid or no lid?__SF,SF 
CPCRW,21,drought,C21,0.5,5,SatII_FM_drought_18Oct2016,10/27/2016 10:52,10/27/2016 16:05,America/Los_Angeles,5.216666667,DROUGHT_PRE_INCUBATION,Mass includes lid or no lid?__SF,SF 
CPCRW,22,drought,C22,0.5,8,SatII_FM_drought_18Oct2016,10/27/2016 10:52,10/27/2016 16:05,America/Los_Angeles,5.216666667,DROUGHT_PRE_INCUBATION,Mass includes lid or no lid?__SF,SF 
CPCRW,23,drought,C23,0.5,2,SatII_FM_drought_18Oct2016,10/27/2016 10:52,10/27/2016 16:05,America/Los_Angeles,5.216666667,DROUGHT_PRE_INCUBATION,Mass includes lid or no lid?__SF,SF 
CPCRW,24,drought,C24,0.5,14,SatII_FM_drought_18Oct2016,10/27/2016 10:52,10/27/2016 16:05,America/Los_Angeles,5.216666667,DROUGHT_PRE_INCUBATION,Mass includes lid or no lid?__SF,SF 
CPCRW,25,drought,C25,0.5,1,SatII_FM_drought_18Oct2016,10/27/2016 10:52,10/27/2016 16:05,America/Los_Angeles,5.216666667,DROUGHT_PRE_INCUBATION,Mass includes lid or no lid?__SF,SF 
CPCRW,NA,ambient,NA,NA,16,SatII_FM_drought_18Oct2016,11/1/2016 10:44,11/1/2016 16:05,America/Los_Angeles,5.35,AMBIENT,ambient__SF,SF 
CPCRW,16,field_moist,C16,0,4,SatII_FM_drought_18Oct2016,11/1/2016 10:44,11/1/2016 16:05,America/Los_Angeles,5.35,FIELD_MOIST_INCUBATION,__SF,SF 
CPCRW,17,field_moist,C17,3,1,SatII_FM_drought_18Oct2016,11/1/2016 10:44,11/1/2016 16:05,America/Los_Angeles,5.35,FIELD_MOIST_INCUBATION,__SF,SF 
CPCRW,18,field_moist,C18,0,2,SatII_FM_drought_18Oct2016,11/1/2016 10:44,11/1/2016 16:05,America/Los_Angeles,5.35,FIELD_MOIST_INCUBATION,__SF,SF 
CPCRW,19,field_moist,C19,0,8,SatII_FM_drought_18Oct2016,11/1/2016 10:44,11/1/2016 16:05,America/Los_Angeles,5.35,FIELD_MOIST_INCUBATION,__SF,SF 
CPCRW,20,field_moist,C20,0,6,SatII_FM_drought_18Oct2016,11/1/2016 10:44,11/1/2016 16:05,America/Los_Angeles,5.35,FIELD_MOIST_INCUBATION,__SF,SF 
CPCRW,11,sat_II,C11,3,13,SatII_FM_drought_18Oct2016,11/1/2016 10:44,11/1/2016 16:05,America/Los_Angeles,5.35,SATURATION_INCUBATION,__SF,SF 
CPCRW,12,sat_II,C12,3,14,SatII_FM_drought_18Oct2016,11/1/2016 10:44,11/1/2016 16:05,America/Los_Angeles,5.35,SATURATION_INCUBATION,__SF,SF 
CPCRW,13,sat_II,C13,1,12,SatII_FM_drought_18Oct2016,11/1/2016 10:44,11/1/2016 16:05,America/Los_Angeles,5.35,SATURATION_INCUBATION,__SF,SF 
CPCRW,14,sat_II,C14,1.5,15,SatII_FM_drought_18Oct2016,11/1/2016 10:44,11/1/2016 16:05,America/Los_Angeles,5.35,SATURATION_INCUBATION,__SF,SF 
CPCRW,15,sat_II,C15,5,5,SatII_FM_drought_18Oct2016,11/1/2016 10:44,11/1/2016 16:05,America/Los_Angeles,5.35,SATURATION_INCUBATION,__SF,SF 
CPCRW,21,drought,C21,0.5,3,SatII_FM_drought_18Oct2016,11/1/2016 10:44,11/1/2016 16:05,America/Los_Angeles,5.35,DROUGHT_PRE_INCUBATION,__SF,SF 
CPCRW,22,drought,C22,0.5,9,SatII_FM_drought_18Oct2016,11/1/2016 10:44,11/1/2016 16:05,America/Los_Angeles,5.35,DROUGHT_PRE_INCUBATION,__SF,SF 
CPCRW,23,drought,C23,0.5,7,SatII_FM_drought_18Oct2016,11/1/2016 10:44,11/1/2016 16:05,America/Los_Angeles,5.35,DROUGHT_PRE_INCUBATION,__SF,SF 
CPCRW,24,drought,C24,0.5,10,SatII_FM_drought_18Oct2016,11/1/2016 10:44,11/1/2016 16:05,America/Los_Angeles,5.35,DROUGHT_PRE_INCUBATION,__SF,SF 
CPCRW,25,drought,C25,0.5,11,SatII_FM_drought_18Oct2016,11/1/2016 10:44,11/1/2016 16:05,America/Los_Angeles,5.35,DROUGHT_PRE_INCUBATION,__SF,SF 
CPCRW,16,field_moist,C16,0,2,SatII_FM_drought_18Oct2016,11/3/2016 10:50,11/3/2016 16:05,America/Los_Angeles,5.25,FIELD_MOIST_INCUBATION,__SF,SF 
CPCRW,17,field_moist,C17,3,9,SatII_FM_drought_18Oct2016,11/3/2016 10:50,11/3/2016 16:05,America/Los_Angeles,5.25,FIELD_MOIST_INCUBATION,__SF,SF 
CPCRW,18,field_moist,C18,0,12,SatII_FM_drought_18Oct2016,11/3/2016 10:50,11/3/2016 16:05,America/Los_Angeles,5.25,FIELD_MOIST_INCUBATION,__SF,SF 
CPCRW,19,field_moist,C19,0,13,SatII_FM_drought_18Oct2016,11/3/2016 10:50,11/3/2016 16:05,America/Los_Angeles,5.25,FIELD_MOIST_INCUBATION,__SF,SF 
CPCRW,20,field_moist,C20,0,7,SatII_FM_drought_18Oct2016,11/3/2016 10:50,11/3/2016 16:05,America/Los_Angeles,5.25,FIELD_MOIST_INCUBATION,__SF,SF 
CPCRW,11,sat_II,C11,3,1,SatII_FM_drought_18Oct2016,11/3/2016 10:50,11/3/2016 16:05,America/Los_Angeles,5.25,SATURATION_INCUBATION,__SF,SF 
CPCRW,12,sat_II,C12,3,11,SatII_FM_drought_18Oct2016,11/3/2016 10:50,11/3/2016 16:05,America/Los_Angeles,5.25,SATURATION_INCUBATION,__SF,SF 
CPCRW,13,sat_II,C13,1,15,SatII_FM_drought_18Oct2016,11/3/2016 10:50,11/3/2016 16:05,America/Los_Angeles,5.25,SATURATION_INCUBATION,__SF,SF 
CPCRW,14,sat_II,C14,1.5,8,SatII_FM_drought_18Oct2016,11/3/2016 10:50,11/3/2016 16:05,America/Los_Angeles,5.25,SATURATION_INCUBATION,__SF,SF 
CPCRW,15,sat_II,C15,5,5,SatII_FM_drought_18Oct2016,11/3/2016 10:50,11/3/2016 16:05,America/Los_Angeles,5.25,SATURATION_INCUBATION,__SF,SF 
CPCRW,21,drought,C21,0.5,3,SatII_FM_drought_18Oct2016,11/3/2016 10:50,11/3/2016 16:05,America/Los_Angeles,5.25,DROUGHT_PRE_INCUBATION,__SF,SF 
CPCRW,22,drought,C22,0.5,4,SatII_FM_drought_18Oct2016,11/3/2016 10:50,11/3/2016 16:05,America/Los_Angeles,5.25,DROUGHT_PRE_INCUBATION,__SF,SF 
CPCRW,23,drought,C23,0.5,10,SatII_FM_drought_18Oct2016,11/3/2016 10:50,11/3/2016 16:05,America/Los_Angeles,5.25,DROUGHT_PRE_INCUBATION,__SF,SF 
CPCRW,24,drought,C24,0.5,14,SatII_FM_drought_18Oct2016,11/3/2016 10:50,11/3/2016 16:05,America/Los_Angeles,5.25,DROUGHT_PRE_INCUBATION,__SF,SF 
CPCRW,25,drought,C25,0.5,6,SatII_FM_drought_18Oct2016,11/3/2016 10:50,11/3/2016 16:05,America/Los_Angeles,5.25,DROUGHT_PRE_INCUBATION,__SF,SF 
CPCRW,NA,ambient,NA,NA,16,NA,11/8/2016 9:06,11/8/2016 16:05,America/Los_Angeles,6.983333333,AMBIENT,NA,NA
CPCRW,11,sat_II,C11,3,4,NA,11/8/2016 9:06,11/8/2016 16:05,America/Los_Angeles,6.983333333,SATURATION_INCUBATION,NA,NA
CPCRW,12,sat_II,C12,3,1,NA,11/8/2016 9:06,11/8/2016 16:05,America/Los_Angeles,6.983333333,SATURATION_INCUBATION,NA,NA
CPCRW,13,sat_II,C13,1,7,NA,11/8/2016 9:06,11/8/2016 16:05,America/Los_Angeles,6.983333333,SATURATION_INCUBATION,NA,NA
CPCRW,14,sat_II,C14,1.5,10,NA,11/8/2016 9:06,11/8/2016 16:05,America/Los_Angeles,6.983333333,SATURATION_INCUBATION,NA,NA
CPCRW,15,sat_II,C15,5,11,NA,11/8/2016 9:06,11/8/2016 16:05,America/Los_Angeles,6.983333333,SATURATION_INCUBATION,NA,NA
CPCRW,16,field_moist,C16,0,14,NA,11/8/2016 9:06,11/8/2016 16:05,America/Los_Angeles,6.983333333,FIELD_MOIST_INCUBATION,NA,NA
CPCRW,17,field_moist,C17,3,13,NA,11/8/2016 9:06,11/8/2016 16:05,America/Los_Angeles,6.983333333,FIELD_MOIST_INCUBATION,NA,NA
CPCRW,18,field_moist,C18,0,9,NA,11/8/2016 9:06,11/8/2016 16:05,America/Los_Angeles,6.983333333,FIELD_MOIST_INCUBATION,NA,NA
CPCRW,19,field_moist,C19,0,2,NA,11/8/2016 9:06,11/8/2016 16:05,America/Los_Angeles,6.983333333,FIELD_MOIST_INCUBATION,NA,NA
CPCRW,20,field_moist,C20,0,6,NA,11/8/2016 9:06,11/8/2016 16:05,America/Los_Angeles,6.983333333,FIELD_MOIST_INCUBATION,NA,NA
CPCRW,21,drought,C21,0.5,5,NA,11/8/2016 9:06,11/8/2016 16:05,America/Los_Angeles,6.983333333,DROUGHT_INCUBATION,NA,NA
CPCRW,21,drought,C21,0.5,15,NA,11/10/2016 10:06,11/10/2016 16:05,America/Los_Angeles,5.983333333,DROUGHT_INCUBATION,NA,NA
CPCRW,21,drought,C21,0.5,15,Sat_II_FM_10Nov2016,11/14/2016 10:22,11/14/2016 18:05,America/Los_Angeles,7.716666667,DROUGHT_INCUBATION,NA,NA
CPCRW,21,drought,C21,0.5,14,Sat_I,11/17/2016 12:50,11/17/2016 23:05,America/Los_Angeles,10.25,DROUGHT_INCUBATION,NA,NA
CPCRW,21,drought,C21,NO HS,NO VALVE,Sat_I,11/29/2016 13:16,11/29/2016 20:05,America/Los_Angeles,6.816666667,DROUGHT_INCUBATION,NA,NA
CPCRW,NA,ambient,NA,NA,16,NA,11/10/2016 10:06,11/10/2016 16:05,America/Los_Angeles,5.983333333,AMBIENT,NA,NA
CPCRW,11,sat_II,C11,3,12,NA,11/10/2016 10:06,11/10/2016 16:05,America/Los_Angeles,5.983333333,SATURATION_INCUBATION,NA,NA
CPCRW,12,sat_II,C12,3,8,NA,11/10/2016 10:06,11/10/2016 16:05,America/Los_Angeles,5.983333333,SATURATION_INCUBATION,NA,NA
CPCRW,13,sat_II,C13,1,1,NA,11/10/2016 10:06,11/10/2016 16:05,America/Los_Angeles,5.983333333,SATURATION_INCUBATION,NA,NA
CPCRW,14,sat_II,C14,1.5,5,NA,11/10/2016 10:06,11/10/2016 16:05,America/Los_Angeles,5.983333333,SATURATION_INCUBATION,NA,NA
CPCRW,15,sat_II,C15,5,3,NA,11/10/2016 10:06,11/10/2016 16:05,America/Los_Angeles,5.983333333,SATURATION_INCUBATION,NA,NA
CPCRW,16,field_moist,C16,0,6,NA,11/10/2016 10:06,11/10/2016 16:05,America/Los_Angeles,5.983333333,FIELD_MOIST_INCUBATION,NA,NA
CPCRW,17,field_moist,C17,3,4,NA,11/10/2016 10:06,11/10/2016 16:05,America/Los_Angeles,5.983333333,FIELD_MOIST_INCUBATION,NA,NA
CPCRW,18,field_moist,C18,0,11,NA,11/10/2016 10:06,11/10/2016 16:05,America/Los_Angeles,5.983333333,FIELD_MOIST_INCUBATION,NA,NA
CPCRW,19,field_moist,C19,0,14,NA,11/10/2016 10:06,11/10/2016 16:05,America/Los_Angeles,5.983333333,FIELD_MOIST_INCUBATION,NA,NA
CPCRW,20,field_moist,C20,0,2,NA,11/10/2016 10:06,11/10/2016 16:05,America/Los_Angeles,5.983333333,FIELD_MOIST_INCUBATION,NA,NA
CPCRW,21,drought,C21,0.5,7,Sat_I,12/2/2016 17:31,12/2/2016 23:05,America/Los_Angeles,5.566666667,DROUGHT_INCUBATION,NA,NA
CPCRW,22,drought,C22,0.5,3,NA,11/8/2016 9:06,11/8/2016 16:05,America/Los_Angeles,6.983333333,DROUGHT_INCUBATION,NA,NA
CPCRW,22,drought,C22,0.5,13,NA,11/10/2016 10:06,11/10/2016 16:05,America/Los_Angeles,5.983333333,DROUGHT_INCUBATION,NA,NA
CPCRW,22,drought,C22,0.5,8,Sat_II_FM_10Nov2016,11/14/2016 10:22,11/14/2016 18:05,America/Los_Angeles,7.716666667,DROUGHT_INCUBATION,NA,NA
CPCRW,22,drought,C22,0.5,9,Sat_I,11/17/2016 12:50,11/17/2016 23:05,America/Los_Angeles,10.25,DROUGHT_INCUBATION,NA,NA
CPCRW,16,field_moist,C16,0,1,Sat_II_FM_10Nov2016,11/10/2016 14:44,11/10/2016 23:05,America/Los_Angeles,8.35,FIELD_MOIST_SATURATION,NA,NA
CPCRW,17,field_moist,C17,3,12,Sat_II_FM_10Nov2016,11/10/2016 14:44,11/10/2016 23:05,America/Los_Angeles,8.35,FIELD_MOIST_SATURATION,NA,NA
CPCRW,18,field_moist,C18,0,14,Sat_II_FM_10Nov2016,11/10/2016 14:44,11/10/2016 23:05,America/Los_Angeles,8.35,FIELD_MOIST_SATURATION,NA,NA
CPCRW,19,field_moist,C19,0,10,Sat_II_FM_10Nov2016,11/10/2016 14:44,11/10/2016 23:05,America/Los_Angeles,8.35,FIELD_MOIST_SATURATION,NA,NA
CPCRW,20,field_moist,C20,0,9,Sat_II_FM_10Nov2016,11/10/2016 14:44,11/10/2016 23:05,America/Los_Angeles,8.35,FIELD_MOIST_SATURATION,NA,NA
SR,7,sat_II,S7,0,3,Sat_II_FM_10Nov2016,11/10/2016 14:44,11/10/2016 23:05,America/Los_Angeles,8.35,SATURATION_SATURATION,NA,NA
SR,3,sat_II,S3,0,11,Sat_II_FM_10Nov2016,11/10/2016 14:44,11/10/2016 23:05,America/Los_Angeles,8.35,SATURATION_SATURATION,NA,NA
SR,2,sat_II,S2,0.5,7,Sat_II_FM_10Nov2016,11/10/2016 14:44,11/10/2016 23:05,America/Los_Angeles,8.35,SATURATION_SATURATION,NA,NA
SR,24,sat_II,S24,1,13,Sat_II_FM_10Nov2016,11/10/2016 14:44,11/10/2016 23:05,America/Los_Angeles,8.35,SATURATION_SATURATION,NA,NA
SR,18,sat_II,S18,2,15,Sat_II_FM_10Nov2016,11/10/2016 14:44,11/10/2016 23:05,America/Los_Angeles,8.35,SATURATION_SATURATION,NA,NA
SR,21,field_moist,S21,0,11,SecretRiver_FM_11thNov,11/11/2016 12:12,11/11/2016 20:05,America/Los_Angeles,7.883333333,FIELD_MOIST_INCUBATION,NA,NA
SR,13,field_moist,S13,0,3,SecretRiver_FM_11thNov,11/11/2016 12:12,11/11/2016 20:05,America/Los_Angeles,7.883333333,FIELD_MOIST_INCUBATION,NA,NA
SR,19,field_moist,S19,0,6,SecretRiver_FM_11thNov,11/11/2016 12:12,11/11/2016 20:05,America/Los_Angeles,7.883333333,FIELD_MOIST_INCUBATION,NA,NA
SR,15,field_moist,S15,0,15,SecretRiver_FM_11thNov,11/11/2016 12:12,11/11/2016 20:05,America/Los_Angeles,7.883333333,FIELD_MOIST_INCUBATION,NA,NA
SR,1,field_moist,S1,1,13,SecretRiver_FM_11thNov,11/11/2016 12:12,11/11/2016 20:05,America/Los_Angeles,7.883333333,FIELD_MOIST_INCUBATION,NA,NA
SR,AMB,NA,NA,NA,16,Sat_II_FM_10Nov2016,11/14/2016 10:22,11/14/2016 18:05,America/Los_Angeles,7.716666667,AMBIENT,NA,NA
SR,15,field_moist,S15,0,9,Sat_II_FM_10Nov2016,11/14/2016 10:22,11/14/2016 18:05,America/Los_Angeles,7.716666667,FIELD_MOIST_INCUBATION,NA,NA
SR,21,field_moist,S21,0,14,Sat_II_FM_10Nov2016,11/14/2016 10:22,11/14/2016 18:05,America/Los_Angeles,7.716666667,FIELD_MOIST_INCUBATION,NA,NA
SR,13,field_moist,S13,0,7,Sat_II_FM_10Nov2016,11/14/2016 10:22,11/14/2016 18:05,America/Los_Angeles,7.716666667,FIELD_MOIST_INCUBATION,NA,NA
SR,18,sat_II,S18,2,13,Sat_II_FM_10Nov2016,11/14/2016 10:22,11/14/2016 18:05,America/Los_Angeles,7.716666667,SATURATION_INCUBATION,NA,NA
SR,24,sat_II,S24,1,12,Sat_II_FM_10Nov2016,11/14/2016 10:22,11/14/2016 18:05,America/Los_Angeles,7.716666667,SATURATION_INCUBATION,NA,NA
SR,7,sat_II,S7,0,3,Sat_II_FM_10Nov2016,11/14/2016 10:22,11/14/2016 18:05,America/Los_Angeles,7.716666667,SATURATION_INCUBATION,NA,NA
SR,3,sat_II,S3,0,11,Sat_II_FM_10Nov2016,11/14/2016 10:22,11/14/2016 18:05,America/Los_Angeles,7.716666667,SATURATION_INCUBATION,NA,NA
SR,2,sat_II,S2,0.5,6,Sat_II_FM_10Nov2016,11/14/2016 10:22,11/14/2016 18:05,America/Los_Angeles,7.716666667,SATURATION_INCUBATION,NA,NA
SR,19,field_moist,S19,0,1,Sat_II_FM_10Nov2016,11/14/2016 10:22,11/14/2016 18:05,America/Los_Angeles,7.716666667,FIELD_MOIST_INCUBATION,NA,NA
SR,1,field_moist,S1,1,2,Sat_II_FM_10Nov2016,11/14/2016 10:22,11/14/2016 18:05,America/Los_Angeles,7.716666667,FIELD_MOIST_INCUBATION,NA,NA
CPCRW,22,drought,C22,NO HS,NO VALVE,Sat_I,11/29/2016 13:16,11/29/2016 20:05,America/Los_Angeles,6.816666667,DROUGHT_INCUBATION,NA,NA
CPCRW,22,drought,C22,0.5,5,Sat_I,12/2/2016 17:31,12/2/2016 23:05,America/Los_Angeles,5.566666667,DROUGHT_INCUBATION,NA,NA
CPCRW,23,drought,C23,0.5,12,NA,11/8/2016 9:06,11/8/2016 16:05,America/Los_Angeles,6.983333333,DROUGHT_INCUBATION,NA,NA
CPCRW,23,drought,C23,0.5,9,NA,11/10/2016 10:06,11/10/2016 16:05,America/Los_Angeles,5.983333333,DROUGHT_INCUBATION,NA,NA
CPCRW,23,drought,C23,0.5,5,Sat_II_FM_10Nov2016,11/14/2016 10:22,11/14/2016 18:05,America/Los_Angeles,7.716666667,DROUGHT_INCUBATION,NA,NA
SR,23,sat_I,S23,0,9,SatII_FM_drought_18Oct2016,11/14/2016 15:41,11/14/2016 23:05,America/Los_Angeles,7.4,SATURATION_IMMEDIATE,NA,NA
SR,17,sat_I,S17,0,14,SatII_FM_drought_18Oct2016,11/14/2016 15:41,11/14/2016 23:05,America/Los_Angeles,7.4,SATURATION_IMMEDIATE,NA,NA
SR,16,sat_I,S16,0,13,SatII_FM_drought_18Oct2016,11/14/2016 15:41,11/14/2016 23:05,America/Los_Angeles,7.4,SATURATION_IMMEDIATE,NA,NA
SR,11,sat_I,S11,0,11,SatII_FM_drought_18Oct2016,11/14/2016 15:41,11/14/2016 23:05,America/Los_Angeles,7.4,SATURATION_IMMEDIATE,NA,NA
SR,9,sat_I,S9,0,12,SatII_FM_drought_18Oct2016,11/14/2016 15:41,11/14/2016 23:05,America/Los_Angeles,7.4,SATURATION_IMMEDIATE,NA,NA
SR,7,sat_II,S7,0,10,SatII_FM_drought_18Oct2016,11/17/2016 10:35,11/17/2016 16:55,America/Los_Angeles,6.333333333,SATURATION_INCUBATION,No time recorded,NA
SR,3,sat_II,S3,0,11,SatII_FM_drought_18Oct2016,11/17/2016 10:35,11/17/2016 16:55,America/Los_Angeles,6.333333333,SATURATION_INCUBATION,No time recorded,NA
SR,2,sat_II,S2,0.5,12,SatII_FM_drought_18Oct2016,11/17/2016 10:35,11/17/2016 16:55,America/Los_Angeles,6.333333333,SATURATION_INCUBATION,No time recorded,NA
SR,24,sat_II,S24,1,13,SatII_FM_drought_18Oct2016,11/17/2016 10:35,11/17/2016 16:55,America/Los_Angeles,6.333333333,SATURATION_INCUBATION,No time recorded,NA
SR,18,sat_II,S18,2,1,SatII_FM_drought_18Oct2016,11/17/2016 10:35,11/17/2016 16:55,America/Los_Angeles,6.333333333,SATURATION_INCUBATION,No time recorded,NA
SR,15,field_moist,S15,0,15,SatII_FM_drought_18Oct2016,11/17/2016 10:35,11/17/2016 16:55,America/Los_Angeles,6.333333333,FIELD_MOIST_INCUBATION,No time recorded,NA
SR,21,field_moist,S21,0,2,SatII_FM_drought_18Oct2016,11/17/2016 10:35,11/17/2016 16:55,America/Los_Angeles,6.333333333,FIELD_MOIST_INCUBATION,No time recorded,NA
SR,13,field_moist,S13,0,4,SatII_FM_drought_18Oct2016,11/17/2016 10:35,11/17/2016 16:55,America/Los_Angeles,6.333333333,FIELD_MOIST_INCUBATION,No time recorded,NA
SR,19,field_moist,S19,0,5,SatII_FM_drought_18Oct2016,11/17/2016 10:35,11/17/2016 16:55,America/Los_Angeles,6.333333333,FIELD_MOIST_INCUBATION,No time recorded,NA
SR,1,field_moist,S1,1,6,SatII_FM_drought_18Oct2016,11/17/2016 10:35,11/17/2016 16:55,America/Los_Angeles,6.333333333,FIELD_MOIST_INCUBATION,No time recorded,NA
SR,4,drought,S4,0.5,3,SatII_FM_drought_18Oct2016,11/17/2016 10:35,11/17/2016 16:55,America/Los_Angeles,6.333333333,DROUGHT_PRE_INCUBATION,No time recorded,NA
SR,5,drought,S5,1,9,SatII_FM_drought_18Oct2016,11/17/2016 10:35,11/17/2016 16:55,America/Los_Angeles,6.333333333,DROUGHT_PRE_INCUBATION,No time recorded,NA
SR,10,drought,S10,1,8,SatII_FM_drought_18Oct2016,11/17/2016 10:35,11/17/2016 16:55,America/Los_Angeles,6.333333333,DROUGHT_PRE_INCUBATION,No time recorded,NA
SR,14,drought,S14,0,7,SatII_FM_drought_18Oct2016,11/17/2016 10:35,11/17/2016 16:55,America/Los_Angeles,6.333333333,DROUGHT_PRE_INCUBATION,No time recorded,NA
SR,25,drought,S25,0,14,SatII_FM_drought_18Oct2016,11/17/2016 10:35,11/17/2016 16:55,America/Los_Angeles,6.333333333,DROUGHT_PRE_INCUBATION,No time recorded,NA
CPCRW,NA,ambient,NA,NA,16,Sat_I,11/14/2016 12:50,11/14/2016 23:05,America/Los_Angeles,10.25,AMBIENT,NA,NA
CPCRW,23,drought,C23,0.5,3,Sat_I,11/17/2016 12:50,11/17/2016 23:05,America/Los_Angeles,10.25,DROUGHT_INCUBATION,NA,NA
CPCRW,23,drought,C23,NO HS,NO VALVE,Sat_I,11/29/2016 13:16,11/29/2016 20:05,America/Los_Angeles,6.816666667,DROUGHT_INCUBATION,NA,NA
CPCRW,23,drought,C23,0.5,2,Sat_I,12/2/2016 17:31,12/2/2016 23:05,America/Los_Angeles,5.566666667,DROUGHT_INCUBATION,NA,NA
CPCRW,24,drought,C24,0.5,8,NA,11/8/2016 9:06,11/8/2016 16:05,America/Los_Angeles,6.983333333,DROUGHT_INCUBATION,NA,NA
CPCRW,24,drought,C24,0.5,10,NA,11/10/2016 10:06,11/10/2016 16:05,America/Los_Angeles,5.983333333,DROUGHT_INCUBATION,NA,NA
NA,NA,ambient,NA,NA,16,SatII_FM_drought_18Oct2016,11/22/2016 11:41,11/22/2016 19:05,America/Los_Angeles,7.4,AMBIENT,NA,NA
SR,7,sat_II,S7,0,13,SatII_FM_drought_18Oct2016,11/22/2016 11:41,11/22/2016 19:05,America/Los_Angeles,7.4,SATURATION_INCUBATION,NA,NA
SR,3,sat_II,S3,0,9,SatII_FM_drought_18Oct2016,11/22/2016 11:41,11/22/2016 19:05,America/Los_Angeles,7.4,SATURATION_INCUBATION,NA,NA
SR,2,sat_II,S2,0.5,12,SatII_FM_drought_18Oct2016,11/22/2016 11:41,11/22/2016 19:05,America/Los_Angeles,7.4,SATURATION_INCUBATION,NA,NA
SR,24,sat_II,S24,1,15,SatII_FM_drought_18Oct2016,11/22/2016 11:41,11/22/2016 19:05,America/Los_Angeles,7.4,SATURATION_INCUBATION,NA,NA
SR,18,sat_II,S18,2,11,SatII_FM_drought_18Oct2016,11/22/2016 11:41,11/22/2016 19:05,America/Los_Angeles,7.4,SATURATION_INCUBATION,NA,NA
SR,15,field_moist,S15,0,10,SatII_FM_drought_18Oct2016,11/22/2016 11:41,11/22/2016 19:05,America/Los_Angeles,7.4,FIELD_MOIST_INCUBATION,NA,NA
SR,21,field_moist,S21,0,2,SatII_FM_drought_18Oct2016,11/22/2016 11:41,11/22/2016 19:05,America/Los_Angeles,7.4,FIELD_MOIST_INCUBATION,NA,NA
SR,13,field_moist,S13,0,14,SatII_FM_drought_18Oct2016,11/22/2016 11:41,11/22/2016 19:05,America/Los_Angeles,7.4,FIELD_MOIST_INCUBATION,NA,NA
SR,19,field_moist,S19,0,1,SatII_FM_drought_18Oct2016,11/22/2016 11:41,11/22/2016 19:05,America/Los_Angeles,7.4,FIELD_MOIST_INCUBATION,NA,NA
SR,1,field_moist,S1,1,5,SatII_FM_drought_18Oct2016,11/22/2016 11:41,11/22/2016 19:05,America/Los_Angeles,7.4,FIELD_MOIST_INCUBATION,NA,NA
SR,4,drought,S4,0.5,3,SatII_FM_drought_18Oct2016,11/22/2016 11:41,11/22/2016 19:05,America/Los_Angeles,7.4,DROUGHT_PRE_INCUBATION,NA,NA
SR,5,drought,S5,1,4,SatII_FM_drought_18Oct2016,11/22/2016 11:41,11/22/2016 19:05,America/Los_Angeles,7.4,DROUGHT_PRE_INCUBATION,NA,NA
SR,10,drought,S10,1,8,SatII_FM_drought_18Oct2016,11/22/2016 11:41,11/22/2016 19:05,America/Los_Angeles,7.4,DROUGHT_PRE_INCUBATION,NA,NA
SR,14,drought,S14,0,7,SatII_FM_drought_18Oct2016,11/22/2016 11:41,11/22/2016 19:05,America/Los_Angeles,7.4,DROUGHT_PRE_INCUBATION,NA,NA
SR,25,drought,S25,0,9,SatII_FM_drought_18Oct2016,11/22/2016 11:41,11/22/2016 19:05,America/Los_Angeles,7.4,DROUGHT_PRE_INCUBATION,NA,NA
CPCRW,NA,ambient,NA,NA,NA,NA,11/23/2016 11:35,11/23/2016 13:30,America/Los_Angeles,1.916666667,AMBIENT,No time recorded,NA
SR,10,drought,S10,0.5,2,SatII_FM_drought_18Oct2016,11/25/2016 12:43,11/25/2016 19:05,America/Los_Angeles,6.366666667,DROUGHT_PRE_INCUBATION,__TRC,TRC
SR,14,drought,S14,1,1,SatII_FM_drought_18Oct2017,11/25/2016 12:43,11/25/2016 19:05,America/Los_Angeles,6.366666667,DROUGHT_PRE_INCUBATION,__TRC,TRC
SR,25,drought,S25,1,6,SatII_FM_drought_18Oct2017,11/25/2016 12:43,11/25/2016 19:05,America/Los_Angeles,6.366666667,DROUGHT_PRE_INCUBATION,could not remove the cap!__TRC,TRC
SR,5,drought,S5,1,4,SatII_FM_drought_18Oct2017,11/25/2016 12:43,11/25/2016 19:05,America/Los_Angeles,6.366666667,DROUGHT_PRE_INCUBATION,__TRC,TRC
SR,4,drought,S4,0.5,7,SatII_FM_drought_18Oct2017,11/25/2016 12:43,11/25/2016 19:05,America/Los_Angeles,6.366666667,DROUGHT_PRE_INCUBATION,__TRC,TRC
SR,15,field_moist,S15,0,11,SatII_FM_drought_18Oct2017,11/25/2016 12:43,11/25/2016 19:05,America/Los_Angeles,6.366666667,FIELD_MOIST_INCUBATION,added water after measurements__TRC,TRC
SR,21,field_moist,S21,0,9,SatII_FM_drought_18Oct2017,11/25/2016 12:43,11/25/2016 19:05,America/Los_Angeles,6.366666667,FIELD_MOIST_INCUBATION,added water after measurements__TRC,TRC
SR,13,field_moist,S13,0,3,SatII_FM_drought_18Oct2017,11/25/2016 12:43,11/25/2016 19:05,America/Los_Angeles,6.366666667,FIELD_MOIST_INCUBATION,added water after measurements__TRC,TRC
SR,19,field_moist,S19,0,14,SatII_FM_drought_18Oct2017,11/25/2016 12:43,11/25/2016 19:05,America/Los_Angeles,6.366666667,FIELD_MOIST_INCUBATION,added water after measurements__TRC,TRC
SR,1,field_moist,S1,1,10,SatII_FM_drought_18Oct2017,11/25/2016 12:43,11/25/2016 19:05,America/Los_Angeles,6.366666667,FIELD_MOIST_INCUBATION,added water after measurements__TRC,TRC
SR,7,sat_II,S7,0,15,SatII_FM_drought_18Oct2017,11/25/2016 12:43,11/25/2016 19:05,America/Los_Angeles,6.366666667,SATURATION_INCUBATION,added water after measurements__TRC,TRC
SR,3,sat_II,S3,0,13,SatII_FM_drought_18Oct2017,11/25/2016 12:43,11/25/2016 19:05,America/Los_Angeles,6.366666667,SATURATION_INCUBATION,added water after measurements__TRC,TRC
SR,2,sat_II,S2,0.5,12,SatII_FM_drought_18Oct2017,11/25/2016 12:43,11/25/2016 19:05,America/Los_Angeles,6.366666667,SATURATION_INCUBATION,added water after measurements__TRC,TRC
SR,24,sat_II,S24,1,5,SatII_FM_drought_18Oct2017,11/25/2016 12:43,11/25/2016 19:05,America/Los_Angeles,6.366666667,SATURATION_INCUBATION,added water after measurements__TRC,TRC
SR,18,sat_II,S18,2,8,SatII_FM_drought_18Oct2017,11/25/2016 12:43,11/25/2016 19:05,America/Los_Angeles,6.366666667,SATURATION_INCUBATION,added water after measurements__TRC,TRC
NA,NA,ambient,NA,NA,16,SatII_FM_drought_18Oct2016,11/29/2016 10:07,11/29/2016 15:05,America/Los_Angeles,4.966666667,AMBIENT,NA,NA
SR,7,sat_II,S7,0,8,SatII_FM_drought_18Oct2016,11/29/2016 10:07,11/29/2016 15:05,America/Los_Angeles,4.966666667,SATURATION_INCUBATION,NA,NA
SR,3,sat_II,S3,0,2,SatII_FM_drought_18Oct2016,11/29/2016 10:07,11/29/2016 15:05,America/Los_Angeles,4.966666667,SATURATION_INCUBATION,NA,NA
SR,2,sat_II,S2,0.5,9,SatII_FM_drought_18Oct2016,11/29/2016 10:07,11/29/2016 15:05,America/Los_Angeles,4.966666667,SATURATION_INCUBATION,NA,NA
SR,24,sat_II,S24,1,12,SatII_FM_drought_18Oct2016,11/29/2016 10:07,11/29/2016 15:05,America/Los_Angeles,4.966666667,SATURATION_INCUBATION,NA,NA
SR,18,sat_II,S18,2,15,SatII_FM_drought_18Oct2016,11/29/2016 10:07,11/29/2016 15:05,America/Los_Angeles,4.966666667,SATURATION_INCUBATION,NA,NA
SR,15,field_moist,S15,0,3,SatII_FM_drought_18Oct2016,11/29/2016 10:07,11/29/2016 15:05,America/Los_Angeles,4.966666667,FIELD_MOIST_INCUBATION,NA,NA
SR,21,field_moist,S21,0,5,SatII_FM_drought_18Oct2016,11/29/2016 10:07,11/29/2016 15:05,America/Los_Angeles,4.966666667,FIELD_MOIST_INCUBATION,NA,NA
SR,13,field_moist,S13,0,1,SatII_FM_drought_18Oct2016,11/29/2016 10:07,11/29/2016 15:05,America/Los_Angeles,4.966666667,FIELD_MOIST_INCUBATION,NA,NA
SR,19,field_moist,S19,0,11,SatII_FM_drought_18Oct2016,11/29/2016 10:07,11/29/2016 15:05,America/Los_Angeles,4.966666667,FIELD_MOIST_INCUBATION,NA,NA
SR,1,field_moist,S1,1,7,SatII_FM_drought_18Oct2016,11/29/2016 10:07,11/29/2016 15:05,America/Los_Angeles,4.966666667,FIELD_MOIST_INCUBATION,NA,NA
SR,4,drought,S4,0.5,14,SatII_FM_drought_18Oct2016,11/29/2016 10:07,11/29/2016 15:05,America/Los_Angeles,4.966666667,DROUGHT_PRE_INCUBATION,NA,NA
SR,5,drought,S5,1,4,SatII_FM_drought_18Oct2016,11/29/2016 10:07,11/29/2016 15:05,America/Los_Angeles,4.966666667,DROUGHT_PRE_INCUBATION,NA,NA
SR,10,drought,S10,1,13,SatII_FM_drought_18Oct2016,11/29/2016 10:07,11/29/2016 15:05,America/Los_Angeles,4.966666667,DROUGHT_PRE_INCUBATION,NA,NA
SR,14,drought,S14,0,10,SatII_FM_drought_18Oct2016,11/29/2016 10:07,11/29/2016 15:05,America/Los_Angeles,4.966666667,DROUGHT_PRE_INCUBATION,NA,NA
SR,25,drought,S25,0,6,SatII_FM_drought_18Oct2016,11/29/2016 10:07,11/29/2016 15:05,America/Los_Angeles,4.966666667,DROUGHT_PRE_INCUBATION,NA,NA
CPCRW,NA,ambient,NA,NA,16,Sat_I,11/29/2016 13:16,11/29/2016 20:05,America/Los_Angeles,6.816666667,AMBIENT,NA,NA
CPCRW,24,drought,C24,0.5,10,Sat_II_FM_10Nov2016,11/14/2016 10:22,11/14/2016 18:05,America/Los_Angeles,7.716666667,DROUGHT_INCUBATION,NA,NA
CPCRW,24,drought,C24,0.5,8,Sat_I,11/17/2016 12:50,11/17/2016 23:05,America/Los_Angeles,10.25,DROUGHT_INCUBATION,NA,NA
CPCRW,24,drought,C24,0.5,NO VALVE,Sat_I,11/29/2016 13:16,11/29/2016 20:05,America/Los_Angeles,6.816666667,DROUGHT_INCUBATION,NA,NA
CPCRW,24,drought,C24,0.5,13,Sat_I,12/2/2016 17:31,12/2/2016 23:05,America/Los_Angeles,5.566666667,DROUGHT_INCUBATION,NA,NA
CPCRW,25,drought,C25,0.5,15,NA,11/8/2016 9:06,11/8/2016 16:05,America/Los_Angeles,6.983333333,DROUGHT_INCUBATION,NA,NA
NA,NA,ambient,NA,NA,16,SatII_FM_drought_18Oct2016,12/2/2016 13:36,12/2/2016 20:05,America/Los_Angeles,6.483333333,AMBIENT,NA,NA
SR,7,sat_II,S7,0,3,SatII_FM_drought_18Oct2016,12/2/2016 13:36,12/2/2016 20:05,America/Los_Angeles,6.483333333,SATURATION_INCUBATION,NA,NA
SR,3,sat_II,S3,0,6,SatII_FM_drought_18Oct2016,12/2/2016 13:36,12/2/2016 20:05,America/Los_Angeles,6.483333333,SATURATION_INCUBATION,NA,NA
SR,2,sat_II,S2,0.5,11,SatII_FM_drought_18Oct2016,12/2/2016 13:36,12/2/2016 20:05,America/Los_Angeles,6.483333333,SATURATION_INCUBATION,NA,NA
SR,24,sat_II,S24,1,5,SatII_FM_drought_18Oct2016,12/2/2016 13:36,12/2/2016 20:05,America/Los_Angeles,6.483333333,SATURATION_INCUBATION,NA,NA
SR,18,sat_II,S18,2,7,SatII_FM_drought_18Oct2016,12/2/2016 13:36,12/2/2016 20:05,America/Los_Angeles,6.483333333,SATURATION_INCUBATION,NA,NA
SR,15,field_moist,S15,0,14,SatII_FM_drought_18Oct2016,12/2/2016 13:36,12/2/2016 20:05,America/Los_Angeles,6.483333333,FIELD_MOIST_INCUBATION,NA,NA
SR,21,field_moist,S21,0,13,SatII_FM_drought_18Oct2016,12/2/2016 13:36,12/2/2016 20:05,America/Los_Angeles,6.483333333,FIELD_MOIST_INCUBATION,NA,NA
SR,13,field_moist,S13,0,9,SatII_FM_drought_18Oct2016,12/2/2016 13:36,12/2/2016 20:05,America/Los_Angeles,6.483333333,FIELD_MOIST_INCUBATION,NA,NA
SR,19,field_moist,S19,0,8,SatII_FM_drought_18Oct2016,12/2/2016 13:36,12/2/2016 20:05,America/Los_Angeles,6.483333333,FIELD_MOIST_INCUBATION,NA,NA
SR,1,field_moist,S1,1,12,SatII_FM_drought_18Oct2016,12/2/2016 13:36,12/2/2016 20:05,America/Los_Angeles,6.483333333,FIELD_MOIST_INCUBATION,NA,NA
SR,4,drought,S4,0.5,10,SatII_FM_drought_18Oct2016,12/2/2016 13:36,12/2/2016 20:05,America/Los_Angeles,6.483333333,DROUGHT_PRE_INCUBATION,NA,NA
SR,5,drought,S5,1,1,SatII_FM_drought_18Oct2016,12/2/2016 13:36,12/2/2016 20:05,America/Los_Angeles,6.483333333,DROUGHT_PRE_INCUBATION,NA,NA
SR,10,drought,S10,1,15,SatII_FM_drought_18Oct2016,12/2/2016 13:36,12/2/2016 20:05,America/Los_Angeles,6.483333333,DROUGHT_PRE_INCUBATION,NA,NA
SR,14,drought,S14,0,2,SatII_FM_drought_18Oct2016,12/2/2016 13:36,12/2/2016 20:05,America/Los_Angeles,6.483333333,DROUGHT_PRE_INCUBATION,NA,NA
SR,25,drought,S25,0,4,SatII_FM_drought_18Oct2016,12/2/2016 13:36,12/2/2016 20:05,America/Los_Angeles,6.483333333,DROUGHT_PRE_INCUBATION,NA,NA
NA,NA,ambient,NA,NA,16,Sat_I,12/2/2016 17:31,12/2/2016 23:05,America/Los_Angeles,5.566666667,AMBIENT,NA,NA
CPCRW,25,drought,C25,0.5,7,NA,11/10/2016 10:06,11/10/2016 16:05,America/Los_Angeles,5.983333333,DROUGHT_INCUBATION,NA,NA
CPCRW,25,drought,C25,0.5,4,Sat_II_FM_10Nov2016,11/14/2016 10:22,11/14/2016 18:05,America/Los_Angeles,7.716666667,DROUGHT_INCUBATION,NA,NA
CPCRW,25,drought,C25,0.5,7,Sat_I,11/17/2016 12:50,11/17/2016 23:05,America/Los_Angeles,10.25,DROUGHT_INCUBATION,NA,NA
CPCRW,25,drought,C25,NO HS,NO VALVE,Sat_I,11/29/2016 13:16,11/29/2016 20:05,America/Los_Angeles,6.816666667,DROUGHT_INCUBATION,NA,NA
CPCRW,25,drought,C25,0.5,14,Sat_I,12/2/2016 17:31,12/2/2016 23:05,America/Los_Angeles,5.566666667,DROUGHT_INCUBATION,NA,NA
CPCRW,NA,ambient,NA,NA,16,Sat_I,12/4/2016 9:02,12/4/2016 15:05,America/Los_Angeles,6.05,AMBIENT,NA,NA
CPCRW,21,drought,C21,NO HS,11,Sat_I,12/4/2016 9:02,12/4/2016 15:05,America/Los_Angeles,6.05,DROUGHT_SATURATION,NA,NA
CPCRW,22,drought,C22,NO HS,14,Sat_I,12/4/2016 9:02,12/4/2016 15:05,America/Los_Angeles,6.05,DROUGHT_SATURATION,NA,NA
CPCRW,23,drought,C23,NO HS,4,Sat_I,12/4/2016 9:02,12/4/2016 15:05,America/Los_Angeles,6.05,DROUGHT_SATURATION,NA,NA
CPCRW,24,drought,C24,0.5,7,Sat_I,12/4/2016 9:02,12/4/2016 15:05,America/Los_Angeles,6.05,DROUGHT_SATURATION,NA,NA
CPCRW,25,drought,C25,NO HS,3,Sat_I,12/4/2016 9:02,12/4/2016 15:05,America/Los_Angeles,6.05,DROUGHT_SATURATION,NA,NA
NA,NA,ambient,NA,NA,16,SatII_FM_drought_18Oct2016,12/6/2016 11:25,12/6/2016 18:05,America/Los_Angeles,6.666666667,AMBIENT,NA,NA
SR,7,sat_II,S7,0,3,SatII_FM_drought_18Oct2016,12/6/2016 11:25,12/6/2016 18:05,America/Los_Angeles,6.666666667,SATURATION_INCUBATION,NA,NA
SR,3,sat_II,S3,0,7,SatII_FM_drought_18Oct2016,12/6/2016 11:25,12/6/2016 18:05,America/Los_Angeles,6.666666667,SATURATION_INCUBATION,NA,NA
SR,2,sat_II,S2,0.5,12,SatII_FM_drought_18Oct2016,12/6/2016 11:25,12/6/2016 18:05,America/Los_Angeles,6.666666667,SATURATION_INCUBATION,NA,NA
SR,24,sat_II,S24,1,5,SatII_FM_drought_18Oct2016,12/6/2016 11:25,12/6/2016 18:05,America/Los_Angeles,6.666666667,SATURATION_INCUBATION,NA,NA
SR,18,sat_II,S18,2,1,SatII_FM_drought_18Oct2016,12/6/2016 11:25,12/6/2016 18:05,America/Los_Angeles,6.666666667,SATURATION_INCUBATION,NA,NA
SR,15,field_moist,S15,0,11,SatII_FM_drought_18Oct2016,12/6/2016 11:25,12/6/2016 18:05,America/Los_Angeles,6.666666667,FIELD_MOIST_INCUBATION,NA,NA
SR,21,field_moist,S21,0,14,SatII_FM_drought_18Oct2016,12/6/2016 11:25,12/6/2016 18:05,America/Los_Angeles,6.666666667,FIELD_MOIST_INCUBATION,NA,NA
SR,13,field_moist,S13,0,15,SatII_FM_drought_18Oct2016,12/6/2016 11:25,12/6/2016 18:05,America/Los_Angeles,6.666666667,FIELD_MOIST_INCUBATION,NA,NA
SR,19,field_moist,S19,0,10,SatII_FM_drought_18Oct2016,12/6/2016 11:25,12/6/2016 18:05,America/Los_Angeles,6.666666667,FIELD_MOIST_INCUBATION,NA,NA
SR,1,field_moist,S1,1,2,SatII_FM_drought_18Oct2016,12/6/2016 11:25,12/6/2016 18:05,America/Los_Angeles,6.666666667,FIELD_MOIST_INCUBATION,NA,NA
NA,NA,ambient,NA,NA,16,sat_II,12/8/2016 10:49,12/8/2016 17:05,America/Los_Angeles,6.266666667,AMBIENT,NA,NA
SR,7,sat_II,S7,0,7,sat_II,12/8/2016 10:49,12/8/2016 17:05,America/Los_Angeles,6.266666667,SATURATION_INCUBATION,NA,NA
SR,3,sat_II,S3,0,5,sat_II,12/8/2016 10:49,12/8/2016 17:05,America/Los_Angeles,6.266666667,SATURATION_INCUBATION,NA,NA
SR,2,sat_II,S2,0.5,12,sat_II,12/8/2016 10:49,12/8/2016 17:05,America/Los_Angeles,6.266666667,SATURATION_INCUBATION,NA,NA
SR,24,sat_II,S24,1,14,sat_II,12/8/2016 10:49,12/8/2016 17:05,America/Los_Angeles,6.266666667,SATURATION_INCUBATION,NA,NA
SR,18,sat_II,S18,2,11,sat_II,12/8/2016 10:49,12/8/2016 17:05,America/Los_Angeles,6.266666667,SATURATION_INCUBATION,NA,NA
NA,NA,ambient,NA,NA,16,sat_II_FM_3Soils_10Nov,12/9/2016 11:50,12/9/2016 18:05,America/Los_Angeles,6.25,AMBIENT,NA,NA
SR,15,field_moist,S15,0,10,sat_II_FM_3Soils_10Nov,12/9/2016 11:50,12/9/2016 18:05,America/Los_Angeles,6.25,FIELD_MOIST_INCUBATION,NA,NA
SR,21,field_moist,S21,0,3,sat_II_FM_3Soils_10Nov,12/9/2016 11:50,12/9/2016 18:05,America/Los_Angeles,6.25,FIELD_MOIST_INCUBATION,NA,NA
SR,13,field_moist,S13,0,14,sat_II_FM_3Soils_10Nov,12/9/2016 11:50,12/9/2016 18:05,America/Los_Angeles,6.25,FIELD_MOIST_INCUBATION,NA,NA
SR,19,field_moist,S19,0,12,sat_II_FM_3Soils_10Nov,12/9/2016 11:50,12/9/2016 18:05,America/Los_Angeles,6.25,FIELD_MOIST_INCUBATION,NA,NA
SR,1,field_moist,S1,1,11,sat_II_FM_3Soils_10Nov,12/9/2016 11:50,12/9/2016 18:05,America/Los_Angeles,6.25,FIELD_MOIST_INCUBATION,NA,NA
SR,10,drought,S10,1,9,SatII_FM_drought_18Oct2016,12/12/2016 11:42,12/12/2016 18:05,America/Los_Angeles,6.383333333,DROUGHT_PRE_INCUBATION,__TRC,TRC
SR,14,drought,S14,0,1,SatII_FM_drought_18Oct2017,12/12/2016 11:42,12/12/2016 18:05,America/Los_Angeles,6.383333333,DROUGHT_PRE_INCUBATION,__TRC,TRC
SR,25,drought,S25,0,6,SatII_FM_drought_18Oct2017,12/12/2016 11:42,12/12/2016 18:05,America/Los_Angeles,6.383333333,DROUGHT_PRE_INCUBATION,__TRC,TRC
SR,5,drought,S5,1,4,SatII_FM_drought_18Oct2017,12/12/2016 11:42,12/12/2016 18:05,America/Los_Angeles,6.383333333,DROUGHT_PRE_INCUBATION,__TRC,TRC
SR,4,drought,S4,0.5,13,SatII_FM_drought_18Oct2017,12/12/2016 11:42,12/12/2016 18:05,America/Los_Angeles,6.383333333,DROUGHT_PRE_INCUBATION,__TRC,TRC
SR,15,field_moist,S15,0,15,SatII_FM_drought_18Oct2017,12/12/2016 11:42,12/12/2016 18:05,America/Los_Angeles,6.383333333,FIELD_MOIST_SATURATION,end of incubation__TRC,TRC
SR,21,field_moist,S21,0,5,SatII_FM_drought_18Oct2017,12/12/2016 11:42,12/12/2016 18:05,America/Los_Angeles,6.383333333,FIELD_MOIST_SATURATION,end of incubation__TRC,TRC
SR,13,field_moist,S13,0,10,SatII_FM_drought_18Oct2017,12/12/2016 11:42,12/12/2016 18:05,America/Los_Angeles,6.383333333,FIELD_MOIST_SATURATION,end of incubation__TRC,TRC
SR,19,field_moist,S19,0,3,SatII_FM_drought_18Oct2017,12/12/2016 11:42,12/12/2016 18:05,America/Los_Angeles,6.383333333,FIELD_MOIST_SATURATION,end of incubation__TRC,TRC
SR,1,field_moist,S1,1,14,SatII_FM_drought_18Oct2017,12/12/2016 11:42,12/12/2016 18:05,America/Los_Angeles,6.383333333,FIELD_MOIST_SATURATION,end of incubation__TRC,TRC
SR,7,sat_II,S7,0,7,SatII_FM_drought_18Oct2017,12/12/2016 11:42,12/12/2016 18:05,America/Los_Angeles,6.383333333,SATURATION_INCUBATION,end of incubation__TRC,TRC
SR,3,sat_II,S3,0,2,SatII_FM_drought_18Oct2017,12/12/2016 11:42,12/12/2016 18:05,America/Los_Angeles,6.383333333,SATURATION_INCUBATION,end of incubation__TRC,TRC
SR,2,sat_II,S2,0.5,8,SatII_FM_drought_18Oct2017,12/12/2016 11:42,12/12/2016 18:05,America/Los_Angeles,6.383333333,SATURATION_INCUBATION,end of incubation__TRC,TRC
SR,24,sat_II,S24,1,12,SatII_FM_drought_18Oct2017,12/12/2016 11:42,12/12/2016 18:05,America/Los_Angeles,6.383333333,SATURATION_INCUBATION,end of incubation__TRC,TRC
SR,18,sat_II,S18,2,11,SatII_FM_drought_18Oct2017,12/12/2016 11:42,12/12/2016 18:05,America/Los_Angeles,6.383333333,SATURATION_INCUBATION,end of incubation__TRC,TRC
SR,NA,ambient,NA,NA,16,Sat_I,12/16/2016 12:05,12/16/2016 18:05,America/Los_Angeles,6,AMBIENT,NA,NA
SR,10,drought,S10,1,10,Sat_I,12/16/2016 12:05,12/16/2016 18:05,America/Los_Angeles,6,DROUGHT_PRE_INCUBATION,NA,NA
SR,14,drought,S14,0,14,Sat_I,12/16/2016 12:05,12/16/2016 18:05,America/Los_Angeles,6,DROUGHT_PRE_INCUBATION,NA,NA
SR,25,drought,S25,0,3,Sat_I,12/16/2016 12:05,12/16/2016 18:05,America/Los_Angeles,6,DROUGHT_PRE_INCUBATION,NA,NA
SR,5,drought,S5,1,5,Sat_I,12/16/2016 12:05,12/16/2016 18:05,America/Los_Angeles,6,DROUGHT_PRE_INCUBATION,NA,NA
SR,4,drought,S4,0.5,7,Sat_I,12/16/2016 12:05,12/16/2016 18:05,America/Los_Angeles,6,DROUGHT_PRE_INCUBATION,NA,NA
SR,NA,ambient,NA,NA,16,Sat_I,12/19/2016 11:27,12/19/2016 19:05,America/Los_Angeles,7.633333333,AMBIENT,NA,NA
SR,NA,ambient,NA,NA,16,Sat_I,02/22/2017 8:00,2/22/2017 13:00,America/Los_Angeles,5,AMBIENT,NA,NA
SR,10,drought,S10,1,2,NA,02/22/2017 8:00,2/22/2017 13:00,America/Los_Angeles,5,DROUGHT_INCUBATION,NA,NA
SR,14,drought,S14,0,3,NA,02/22/2017 8:00,2/22/2017 13:00,America/Los_Angeles,5,DROUGHT_INCUBATION,NA,NA
SR,25,drought,S25,0,5,NA,02/22/2017 8:00,2/22/2017 13:00,America/Los_Angeles,5,DROUGHT_INCUBATION,NA,NA
SR,5,drought,S5,1,8,NA,02/22/2017 8:00,2/22/2017 13:00,America/Los_Angeles,5,DROUGHT_INCUBATION,NA,NA
SR,4,drought,S4,0.5,7,NA,02/22/2017 8:00,2/22/2017 13:00,America/Los_Angeles,5,DROUGHT_INCUBATION,NA,NA
SR,NA,ambient,NA,NA,16,NA,02/23/2017 18:00,02/24/2017 17:00,America/Los_Angeles,23,AMBIENT,NA,NA
SR,10,drought,S10,1,2,NA,02/23/2017 18:00,02/24/2017 17:00,America/Los_Angeles,23,DROUGHT_SATURATION,NA,NA
SR,14,drought,S14,0,3,NA,02/23/2017 18:00,02/24/2017 17:00,America/Los_Angeles,23,DROUGHT_SATURATION,NA,NA
SR,25,drought,S25,0,5,NA,02/23/2017 18:00,02/24/2017 17:00,America/Los_Angeles,23,DROUGHT_SATURATION,NA,NA
SR,5,drought,S5,1,8,NA,02/23/2017 18:00,02/24/2017 17:00,America/Los_Angeles,23,DROUGHT_SATURATION,NA,NA
SR,4,drought,S4,0.5,7,NA,02/23/2017 18:00,02/24/2017 17:00,America/Los_Angeles,23,DROUGHT_SATURATION,NA,NA
SR,NA,ambient,NA,NA,16,Sat_I,01/23/2017 8:00,1/23/2017 13:00,America/Los_Angeles,5,AMBIENT,NA,NA
SR,10,drought,S10,1,2,NA,01/23/2017 8:00,1/23/2017 13:00,America/Los_Angeles,5,DROUGHT_INCUBATION,NA,NA
SR,14,drought,S14,0,3,NA,01/23/2017 8:00,1/23/2017 13:00,America/Los_Angeles,5,DROUGHT_INCUBATION,NA,NA
SR,25,drought,S25,0,5,NA,01/23/2017 8:00,1/23/2017 13:00,America/Los_Angeles,5,DROUGHT_INCUBATION,NA,NA
SR,5,drought,S5,1,8,NA,01/23/2017 8:00,1/23/2017 13:00,America/Los_Angeles,5,DROUGHT_INCUBATION,NA,NA
SR,4,drought,S4,0.5,7,NA,01/23/2017 8:00,1/23/2017 13:00,America/Los_Angeles,5,DROUGHT_INCUBATION,NA,NA
SR,NA,ambient,NA,NA,16,Sat_I,01/25/2017 8:00,1/25/2017 13:00,America/Los_Angeles,5,AMBIENT,NA,NA
SR,10,drought,S10,1,2,NA,01/25/2017 8:00,1/25/2017 13:00,America/Los_Angeles,5,DROUGHT_INCUBATION,NA,NA
SR,14,drought,S14,0,3,NA,01/25/2017 8:00,1/25/2017 13:00,America/Los_Angeles,5,DROUGHT_INCUBATION,NA,NA
SR,25,drought,S25,0,5,NA,01/25/2017 8:00,1/25/2017 13:00,America/Los_Angeles,5,DROUGHT_INCUBATION,NA,NA
SR,5,drought,S5,1,8,NA,01/25/2017 8:00,1/25/2017 13:00,America/Los_Angeles,5,DROUGHT_INCUBATION,NA,NA
SR,4,drought,S4,0.5,7,NA,01/25/2017 8:00,1/25/2017 13:00,America/Los_Angeles,5,DROUGHT_INCUBATION,NA,NA
SR,NA,ambient,NA,NA,16,Sat_I,01/27/2017 8:00,1/27/2017 13:00,America/Los_Angeles,5,AMBIENT,NA,NA
SR,10,drought,S10,1,2,NA,01/27/2017 8:00,1/27/2017 13:00,America/Los_Angeles,5,DROUGHT_INCUBATION,NA,NA
SR,14,drought,S14,0,3,NA,01/27/2017 8:00,1/27/2017 13:00,America/Los_Angeles,5,DROUGHT_INCUBATION,NA,NA
SR,25,drought,S25,0,5,NA,01/27/2017 8:00,1/27/2017 13:00,America/Los_Angeles,5,DROUGHT_INCUBATION,NA,NA
SR,5,drought,S5,1,8,NA,01/27/2017 8:00,1/27/2017 13:00,America/Los_Angeles,5,DROUGHT_INCUBATION,NA,NA
SR,4,drought,S4,0.5,7,NA,01/27/2017 8:00,1/27/2017 13:00,America/Los_Angeles,5,DROUGHT_INCUBATION,NA,NA
SR,NA,ambient,NA,NA,16,Sat_I,01/29/2017 8:00,1/29/2017 13:00,America/Los_Angeles,5,AMBIENT,NA,NA
SR,10,drought,S10,1,2,NA,01/29/2017 8:00,1/29/2017 13:00,America/Los_Angeles,5,DROUGHT_INCUBATION,NA,NA
SR,14,drought,S14,0,3,NA,01/29/2017 8:00,1/29/2017 13:00,America/Los_Angeles,5,DROUGHT_INCUBATION,NA,NA
SR,25,drought,S25,0,5,NA,01/29/2017 8:00,1/29/2017 13:00,America/Los_Angeles,5,DROUGHT_INCUBATION,NA,NA
SR,5,drought,S5,1,8,NA,01/29/2017 8:00,1/29/2017 13:00,America/Los_Angeles,5,DROUGHT_INCUBATION,NA,NA
SR,4,drought,S4,0.5,7,NA,01/29/2017 8:00,1/29/2017 13:00,America/Los_Angeles,5,DROUGHT_INCUBATION,NA,NA
SR,NA,ambient,NA,NA,16,Sat_I,01/31/2017 8:00,1/31/2017 13:00,America/Los_Angeles,5,AMBIENT,NA,NA
SR,10,drought,S10,1,2,NA,01/31/2017 8:00,1/31/2017 13:00,America/Los_Angeles,5,DROUGHT_INCUBATION,NA,NA
SR,14,drought,S14,0,3,NA,01/31/2017 8:00,1/31/2017 13:00,America/Los_Angeles,5,DROUGHT_INCUBATION,NA,NA
SR,25,drought,S25,0,5,NA,01/31/2017 8:00,1/31/2017 13:00,America/Los_Angeles,5,DROUGHT_INCUBATION,NA,NA
SR,5,drought,S5,1,8,NA,01/31/2017 8:00,1/31/2017 13:00,America/Los_Angeles,5,DROUGHT_INCUBATION,NA,NA
SR,4,drought,S4,0.5,7,NA,01/31/2017 8:00,1/31/2017 13:00,America/Los_Angeles,5,DROUGHT_INCUBATION,NA,NA
SR,NA,ambient,NA,NA,16,Sat_I,02/02/2017 8:00,2/2/2017 13:00,America/Los_Angeles,5,AMBIENT,NA,NA
SR,10,drought,S10,1,2,NA,02/02/2017 8:00,2/2/2017 13:00,America/Los_Angeles,5,DROUGHT_INCUBATION,NA,NA
SR,14,drought,S14,0,3,NA,02/02/2017 8:00,2/2/2017 13:00,America/Los_Angeles,5,DROUGHT_INCUBATION,NA,NA
SR,25,drought,S25,0,5,NA,02/02/2017 8:00,2/2/2017 13:00,America/Los_Angeles,5,DROUGHT_INCUBATION,NA,NA
SR,5,drought,S5,1,8,NA,02/02/2017 8:00,2/2/2017 13:00,America/Los_Angeles,5,DROUGHT_INCUBATION,NA,NA
SR,4,drought,S4,0.5,7,NA,02/02/2017 8:00,2/2/2017 13:00,America/Los_Angeles,5,DROUGHT_INCUBATION,NA,NA
SR,NA,ambient,NA,NA,16,Sat_I,02/04/2017 8:00,2/4/2017 13:00,America/Los_Angeles,5,AMBIENT,NA,NA
SR,10,drought,S10,1,2,NA,02/04/2017 8:00,2/4/2017 13:00,America/Los_Angeles,5,DROUGHT_INCUBATION,NA,NA
SR,14,drought,S14,0,3,NA,02/04/2017 8:00,2/4/2017 13:00,America/Los_Angeles,5,DROUGHT_INCUBATION,NA,NA
SR,25,drought,S25,0,5,NA,02/04/2017 8:00,2/4/2017 13:00,America/Los_Angeles,5,DROUGHT_INCUBATION,NA,NA
SR,5,drought,S5,1,8,NA,02/04/2017 8:00,2/4/2017 13:00,America/Los_Angeles,5,DROUGHT_INCUBATION,NA,NA
SR,4,drought,S4,0.5,7,NA,02/04/2017 8:00,2/4/2017 13:00,America/Los_Angeles,5,DROUGHT_INCUBATION,NA,NA
SR,NA,ambient,NA,NA,16,Sat_I,02/06/2017 8:00,2/6/2017 13:00,America/Los_Angeles,5,AMBIENT,NA,NA
SR,10,drought,S10,1,2,NA,02/06/2017 8:00,2/6/2017 13:00,America/Los_Angeles,5,DROUGHT_INCUBATION,NA,NA
SR,14,drought,S14,0,3,NA,02/06/2017 8:00,2/6/2017 13:00,America/Los_Angeles,5,DROUGHT_INCUBATION,NA,NA
SR,25,drought,S25,0,5,NA,02/06/2017 8:00,2/6/2017 13:00,America/Los_Angeles,5,DROUGHT_INCUBATION,NA,NA
SR,5,drought,S5,1,8,NA,02/06/2017 8:00,2/6/2017 13:00,America/Los_Angeles,5,DROUGHT_INCUBATION,NA,NA
SR,4,drought,S4,0.5,7,NA,02/06/2017 8:00,2/6/2017 13:00,America/Los_Angeles,5,DROUGHT_INCUBATION,NA,NA
SR,NA,ambient,NA,NA,16,Sat_I,02/08/2017 8:00,2/8/2017 13:00,America/Los_Angeles,5,AMBIENT,NA,NA
SR,10,drought,S10,1,2,NA,02/08/2017 8:00,2/8/2017 13:00,America/Los_Angeles,5,DROUGHT_INCUBATION,NA,NA
SR,14,drought,S14,0,3,NA,02/08/2017 8:00,2/8/2017 13:00,America/Los_Angeles,5,DROUGHT_INCUBATION,NA,NA
SR,25,drought,S25,0,5,NA,02/08/2017 8:00,2/8/2017 13:00,America/Los_Angeles,5,DROUGHT_INCUBATION,NA,NA
SR,5,drought,S5,1,8,NA,02/08/2017 8:00,2/8/2017 13:00,America/Los_Angeles,5,DROUGHT_INCUBATION,NA,NA
SR,4,drought,S4,0.5,7,NA,02/08/2017 8:00,2/8/2017 13:00,America/Los_Angeles,5,DROUGHT_INCUBATION,NA,NA
SR,NA,ambient,NA,NA,16,Sat_I,02/10/2017 8:00,2/10/2017 13:00,America/Los_Angeles,5,AMBIENT,NA,NA
SR,10,drought,S10,1,2,NA,02/10/2017 8:00,2/10/2017 13:00,America/Los_Angeles,5,DROUGHT_INCUBATION,NA,NA
SR,14,drought,S14,0,3,NA,02/10/2017 8:00,2/10/2017 13:00,America/Los_Angeles,5,DROUGHT_INCUBATION,NA,NA
SR,25,drought,S25,0,5,NA,02/10/2017 8:00,2/10/2017 13:00,America/Los_Angeles,5,DROUGHT_INCUBATION,NA,NA
SR,5,drought,S5,1,8,NA,02/10/2017 8:00,2/10/2017 13:00,America/Los_Angeles,5,DROUGHT_INCUBATION,NA,NA
SR,4,drought,S4,0.5,7,NA,02/10/2017 8:00,2/10/2017 13:00,America/Los_Angeles,5,DROUGHT_INCUBATION,NA,NA
SR,NA,ambient,NA,NA,16,Sat_I,02/12/2017 8:00,2/12/2017 13:00,America/Los_Angeles,5,AMBIENT,NA,NA
SR,10,drought,S10,1,2,NA,02/12/2017 8:00,2/12/2017 13:00,America/Los_Angeles,5,DROUGHT_INCUBATION,NA,NA
SR,14,drought,S14,0,3,NA,02/12/2017 8:00,2/12/2017 13:00,America/Los_Angeles,5,DROUGHT_INCUBATION,NA,NA
SR,25,drought,S25,0,5,NA,02/12/2017 8:00,2/12/2017 13:00,America/Los_Angeles,5,DROUGHT_INCUBATION,NA,NA
SR,5,drought,S5,1,8,NA,02/12/2017 8:00,2/12/2017 13:00,America/Los_Angeles,5,DROUGHT_INCUBATION,NA,NA
SR,4,drought,S4,0.5,7,NA,02/12/2017 8:00,2/12/2017 13:00,America/Los_Angeles,5,DROUGHT_INCUBATION,NA,NA
SR,NA,ambient,NA,NA,16,Sat_I,02/14/2017 8:00,2/14/2017 13:00,America/Los_Angeles,5,AMBIENT,NA,NA
SR,10,drought,S10,1,2,NA,02/14/2017 8:00,2/14/2017 13:00,America/Los_Angeles,5,DROUGHT_INCUBATION,NA,NA
SR,14,drought,S14,0,3,NA,02/14/2017 8:00,2/14/2017 13:00,America/Los_Angeles,5,DROUGHT_INCUBATION,NA,NA
SR,25,drought,S25,0,5,NA,02/14/2017 8:00,2/14/2017 13:00,America/Los_Angeles,5,DROUGHT_INCUBATION,NA,NA
SR,5,drought,S5,1,8,NA,02/14/2017 8:00,2/14/2017 13:00,America/Los_Angeles,5,DROUGHT_INCUBATION,NA,NA
SR,4,drought,S4,0.5,7,NA,02/14/2017 8:00,2/14/2017 13:00,America/Los_Angeles,5,DROUGHT_INCUBATION,NA,NA
SR,NA,ambient,NA,NA,16,Sat_I,02/16/2017 8:00,2/16/2017 13:00,America/Los_Angeles,5,AMBIENT,NA,NA
SR,10,drought,S10,1,2,NA,02/16/2017 8:00,2/16/2017 13:00,America/Los_Angeles,5,DROUGHT_INCUBATION,NA,NA
SR,14,drought,S14,0,3,NA,02/16/2017 8:00,2/16/2017 13:00,America/Los_Angeles,5,DROUGHT_INCUBATION,NA,NA
SR,25,drought,S25,0,5,NA,02/16/2017 8:00,2/16/2017 13:00,America/Los_Angeles,5,DROUGHT_INCUBATION,NA,NA
SR,5,drought,S5,1,8,NA,02/16/2017 8:00,2/16/2017 13:00,America/Los_Angeles,5,DROUGHT_INCUBATION,NA,NA
SR,4,drought,S4,0.5,7,NA,02/16/2017 8:00,2/16/2017 13:00,America/Los_Angeles,5,DROUGHT_INCUBATION,NA,NA
SR,NA,ambient,NA,NA,16,Sat_I,02/18/2017 8:00,2/18/2017 13:00,America/Los_Angeles,5,AMBIENT,NA,NA
SR,10,drought,S10,1,2,NA,02/18/2017 8:00,2/18/2017 13:00,America/Los_Angeles,5,DROUGHT_INCUBATION,NA,NA
SR,14,drought,S14,0,3,NA,02/18/2017 8:00,2/18/2017 13:00,America/Los_Angeles,5,DROUGHT_INCUBATION,NA,NA
SR,25,drought,S25,0,5,NA,02/18/2017 8:00,2/18/2017 13:00,America/Los_Angeles,5,DROUGHT_INCUBATION,NA,NA
SR,5,drought,S5,1,8,NA,02/18/2017 8:00,2/18/2017 13:00,America/Los_Angeles,5,DROUGHT_INCUBATION,NA,NA
SR,4,drought,S4,0.5,7,NA,02/18/2017 8:00,2/18/2017 13:00,America/Los_Angeles,5,DROUGHT_INCUBATION,NA,NA
